OriginalId,Player,PlayerId
310,Matt Ryan,matt-ryan
2543583,Devonta Freeman,devonta-freeman
2495454,Julio Jones,julio-jones
2533040,Mohamed Sanu,mohamed-sanu
2539653,Robert Alford,robert-alford
2543850,Ricardo Allen,ricardo-allen
2552301,Vic Beasley,vic-beasley
2555255,De'Vondre Campbell,de-vondre-campbell
2552327,Grady Jarrett,grady-jarrett
2555162,Deion Jones,deion-jones
71375,Alex Mack,alex-mack
2495311,Terrell McClain,terrell-mcclain
2557872,Takkarist McKinley,takkarist-mckinley
2555543,Keanu Neal,keanu-neal
2556445,Brian Poole,brian-poole
2539334,Desmond Trufant,desmond-trufant
2543758,Jake Matthews,jake-matthews
71363,Andy Levitre,andy-levitre
2495283,Brandon Fusco,brandon-fusco
2541521,Ryan Schraeder,ryan-schraeder
2507828,Logan Paulsen,logan-paulsen
2559033,Ricky Ortiz,ricky-ortiz
2552453,Tevin Coleman,tevin-coleman
2555415,Austin Hooper,austin-hooper
2560854,Calvin Ridley,calvin-ridley
2558023,Eric Saubert,eric-saubert
2559109,Deante Burton,deante-burton
2532992,Jack Crawford,jack-crawford
2541431,Kemal Ishmael,kemal-ishmael
2558184,Damontae Kazee,damontae-kazee
2495218,Brooks Reed,brooks-reed
2557967,Duke Riley,duke-riley
2560869,Deadrin Senat,deadrin-senat
2532989,Derrick Shelby,derrick-shelby
2552418,Justin Hardy,justin-hardy
2504797,Matt Bryant,matt-bryant
2495124,Matt Bosher,matt-bosher
2557034,Marvin Hall,marvin-hall
2561061,Russell Gage,russell-gage
2561132,Foye Oluokun,foye-oluokun
2532792,Justin Bethel,justin-bethel
2557040,Jeff Overbaugh,jeff-overbaugh
2559924,Ito Smith,ito-smith
2556373,Wes Schweitzer,wes-schweitzer
2552366,Ty Sambrailo,ty-sambrailo
2532842,Nick Foles,nick-foles
2552600,Nelson Agholor,nelson-agholor
2506467,Darren Sproles,darren-sproles
2540158,Zach Ertz,zach-ertz
2553502,DeAndre Carter,deandre-carter
2507763,Mike Wallace,mike-wallace
2557984,Derek Barnett,derek-barnett
2533051,Fletcher Cox,fletcher-cox
2552689,Ronald Darby,ronald-darby
2558175,Nate Gerry,nate-gerry
2495613,Corey Graham,corey-graham
496788,Brandon Graham,brandon-graham
2552315,Jordan Hicks,jordan-hicks
79848,Malcolm Jenkins,malcolm-jenkins
2534832,Rodney McLeod,rodney-mcleod
2555383,Jalen Mills,jalen-mills
2556786,Destiny Vaeao,destiny-vaeao
2495250,Stefen Wisniewski,stefen-wisniewski
2539286,Lane Johnson,lane-johnson
2534434,Brandon Brooks,brandon-brooks
2505827,Jason Peters,jason-peters
2495298,Jason Kelce,jason-kelce
2552582,Jay Ajayi,jay-ajayi
2559150,Corey Clement,corey-clement
2560995,Dallas Goedert,dallas-goedert
2507617,Michael Bennett,michael-bennett
2558168,Rasul Douglas,rasul-douglas
2556363,Kamu Grugier-Hill,kamu-grugier-hill
2557958,Sidney Jones,sidney-jones
276,Chris Long,chris-long
2559260,Tre Sullivan,tre-sullivan
2558258,Shelton Gibson,shelton-gibson
2558172,Jake Elliott,jake-elliott
2559198,Cameron Johnston,cameron-johnston
2555495,Isaac Seumalo,isaac-seumalo
2556444,Josh Perkins,josh-perkins
2539291,Markus Wheaton,markus-wheaton
2555461,Wendell Smallwood,wendell-smallwood
2555196,Halapoulivaati Vaitai,halapoulivaati-vaitai
2506879,Haloti Ngata,haloti-ngata
2561338,Bruce Hector,bruce-hector
2541741,LaRoy Reynolds,laroy-reynolds
2560795,Avonte Maddox,avonte-maddox
2553442,D.J. Alexander,d-j-alexander
2553557,Rick Lovato,rick-lovato
2506581,Ryan Fitzpatrick,ryan-fitzpatrick
2556466,Peyton Barber,peyton-barber
2543468,Mike Evans,mike-evans
1581,DeSean Jackson,desean-jackson
2557856,O.J. Howard,o-j-howard
2553895,Adam Humphries,adam-humphries
2552592,Kwon Alexander,kwon-alexander
2495272,Chris Conte,chris-conte
2532825,Vinny Curry,vinny-curry
2532828,Lavonte David,lavonte-david
2561039,Carlton Davis,carlton-davis
2557945,Justin Evans,justin-evans
2555299,Vernon Hargreaves,vernon-hargreaves
496816,Gerald McCoy,gerald-mccoy
2555552,Ryan Smith,ryan-smith
2507728,Jermey Parnell,jermey-parnell
2558004,Cam Robinson,cam-robinson
2550589,Andrew Norwell,andrew-norwell
2543729,Brandon Linder,brandon-linder
2552330,A.J. Cann,a-j-cann
2540225,Tommy Bohanon,tommy-bohanon
2561291,Shaun Wilson,shaun-wilson
2495471,Jacquizz Rodgers,jacquizz-rodgers
2558105,Chris Godwin,chris-godwin
2550223,Freddie Martino,freddie-martino
2556508,Alan Cross,alan-cross
2550656,Cameron Brate,cameron-brate
2560884,M.J. Stewart,m-j-stewart
2550565,Adarius Taylor,adarius-taylor
2550325,Chandler Catanzaro,chandler-catanzaro
2533000,Bryan Anger,bryan-anger
2561018,D.J. Chark,d-j-chark
2550398,Tyler Shatley,tyler-shatley
2550416,Josh Wells,josh-wells
2541135,Cody Davis,cody-davis
2558241,Blair Brown,blair-brown
2561340,Tre Herndon,tre-herndon
2540023,Carson Tinker,carson-tinker
2550659,Tyler Patmon,tyler-patmon
2504775,Drew Brees,drew-brees
2558019,Alvin Kamara,alvin-kamara
2507166,Ted Ginn,ted-ginn
2556370,Michael Thomas,michael-thomas
2506122,Benjamin Watson,benjamin-watson
2558928,Austin Carr,austin-carr
2558163,Alex Anzalone,alex-anzalone
2555530,Vonn Bell,vonn-bell
2556735,Ken Crawley,ken-crawley
2533008,Demario Davis,demario-davis
2552329,Tyeler Davison,tyeler-davison
2495184,Cameron Jordan,cameron-jordan
2558061,Marshon Lattimore,marshon-lattimore
2539319,Alex Okafor,alex-okafor
2555242,Sheldon Rankins,sheldon-rankins
2508084,Patrick Robinson,patrick-robinson
2558847,Marcus Williams,marcus-williams
2560737,Will Hernandez,will-hernandez
2543708,Jon Halapio,jon-halapio
2552452,Ereck Flowers,ereck-flowers
2539259,Patrick Omameh,patrick-omameh
2495232,Nate Solder,nate-solder
71197,Connor Barwin,connor-barwin
2539663,Mike Gillislee,mike-gillislee
2541834,Josh Hill,josh-hill
2560878,Tre'Quan Smith,tre-quan-smith
2555227,Jonathan Williams,jonathan-williams
2539303,Zach Line,zach-line
494261,Kurt Coleman,kurt-coleman
2561037,Marcus Davenport,marcus-davenport
2539982,A.J. Klein,a-j-klein
2539277,Manti Te'o,manti-te-o
2556752,Tommylee Lewis,tommylee-lewis
2556601,Wil Lutz,wil-lutz
71407,Thomas Morstead,thomas-morstead
2559254,Shane Smith,shane-smith
2550599,Scott Simonson,scott-simonson
2541944,Russell Shepard,russell-shepard
2559280,Chad Wheeler,chad-wheeler
2556804,Antonio Hamilton,antonio-hamilton
2533459,Nate Stupar,nate-stupar
2561017,Sean Chandler,sean-chandler
2507200,Zak DeOssie,zak-deossie
2495143,Andy Dalton,andy-dalton
2557976,Joe Mixon,joe-mixon
2495450,A.J. Green,a-j-green
2555466,Tyler Boyd,tyler-boyd
2552559,C.J. Uzomah,c-j-uzomah
2558010,John Ross,john-ross
496762,Geno Atkins,geno-atkins
2543814,Preston Brown,preston-brown
496780,Carlos Dunlap,carlos-dunlap
2558801,Jordan Evans,jordan-stacey-evans
2556367,William Jackson,william-jackson
2507784,Michael Johnson,michael-johnson
2533060,Dre Kirkpatrick,dre-kirkpatrick
2555528,Nick Vigil,nick-vigil
2539233,Shawn Williams,shawn-williams
2556662,Alex Redmond,alex-redmond
2560843,Billy Price,billy-price
2552335,Bobby Hart,bobby-hart
2495123,Clint Boling,clint-boling
2532849,Cordy Glenn,cordy-glenn
2555267,Andrew Billings,andrew-billings
2540148,Tyler Eifert,tyler-eifert
2552586,Tyler Kroft,tyler-kroft
2540156,Giovani Bernard,giovani-bernard
2543474,Darqueze Dennard,darqueze-dennard
2555355,Clayton Fejedelem,clayton-fejedelem
2557851,Ryan Glasgow,ryan-glasgow
2558982,Hardy Nickerson,hardy-nickerson
2556519,Alex Erickson,alex-erickson
2533444,Randy Bullock,randy-bullock
71333,Kevin Huber,kevin-huber
2556493,Tra Carson,tra-carson
2558127,Josh Malone,josh-malone
2560745,Sam Hubbard,sam-hubbard
2552360,Jake Fisher,jake-fisher
2560970,Jessie Bates,jessie-bates
2557901,Carl Lawson,carl-lawson
2557884,Jordan Willis,jordan-willis
2556817,Tony McRae,tony-mcrae
2507843,Vincent Rey,vincent-rey
2558786,Brandon Wilson,brandon-wilson
2558864,Mason Schreck,mason-schreck
2495620,Clark Harris,clark-harris
2550208,Trey Hopkins,trey-hopkins
2560839,Darius Phillips,darius-phillips
2533031,Andrew Luck,andrew-luck
2560933,Jordan Wilkins,jordan-wilkins
2540232,Jack Doyle,jack-doyle
2543466,Eric Ebron,eric-ebron
2532865,T.Y. Hilton,t-y-hilton
2550646,Denico Autry,denico-autry
2552386,Clayton Geathers,clayton-geathers
2558108,Nate Hairston,nate-hairston
2558060,Malik Hooker,malik-hooker
2539310,Margus Hunt,margus-hunt
2560789,Darius Leonard,darius-leonard
2560816,Skai Moore,skai-moore
2558976,Kenny Moore,kenny-moore
2495228,Jabaal Sheard,jabaal-sheard
496881,Al Woods,al-woods
2555371,Joe Haeg,joe-haeg
81871,Matt Slauson,matt-slauson
2560820,Quenton Nelson,quenton-nelson
2555191,Ryan Kelly,ryan-kelly
1037880,J'Marcus Webb,j-marcus-webb
2560876,Braden Smith,braden-smith
2557961,Quincy Wilson,quincy-wilson
2560742,Nyheim Hines,nyheim-hines
2539322,Christine Michael,christine-michael
2543759,Ryan Grant,ryan-grant
2556396,Chester Rogers,chester-rogers
2558877,Zach Pascal,zach-pascal
2550405,Erik Swoope,erik-swoope
2556429,Matthias Farley,matthias-farley
2558131,Al-Quadin Muhammad,al-quadin-muhammad
2558851,Anthony Walker,anthony-walker
2503471,Adam Vinatieri,adam-vinatieri
2558899,Rigoberto Sanchez,rigoberto-sanchez
2558766,Grover Stewart,grover-stewart
2560905,Kemoko Turay,kemoko-turay
2558165,Tarell Basham,tarell-basham
2561155,Zaire Franklin,zaire-franklin
2533016,Najee Goode,najee-goode
2561131,George Odum,george-odum
2561149,Matthew Adams,matthew-adams
2553817,Corey Moore,corey-moore
2556394,Chris Milton,chris-milton
2543811,Pierre Desir,pierre-desir
2556664,Luke Rhodes,luke-rhodes
2558191,Nathan Peterman,nathan-peterman
79607,LeSean McCoy,lesean-mccoy
2557863,Zay Jones,zay-jones
2543471,Kelvin Benjamin,kelvin-benjamin
2495189,Jeremy Kerley,jeremy-kerley
2495139,Charles Clay,charles-clay
2506268,Lorenzo Alexander,lorenzo-alexander
2560713,Tremaine Edmunds,tremaine-edmunds
2543851,Phillip Gaines,phillip-gaines
496796,Jerry Hughes,jerry-hughes
2539240,Micah Hyde,micah-hyde
2555252,Shaq Lawson,shaq-lawson
2557969,Matt Milano,matt-milano
2539290,Jordan Poyer,jordan-poyer
2557867,Tre'Davious White,tre-davious-white
2506931,Kyle Williams,kyle-williams
2541142,Josh Kline,josh-kline
2535131,Dennis Kelly,dennis-kelly
2532883,Ben Jones,ben-jones
2553824,Quinton Spain,quinton-spain
2550132,Taylor Lewan,taylor-lewan
2556368,Austin Johnson,austin-johnson
2560955,Josh Allen,josh-allen-4
2552647,Marcus Murphy,marcus-murphy
2507999,Chris Ivory,chris-ivory
2543767,Logan Thomas,logan-thomas
2559159,Jason Croom,jason-croom
2495453,Andre Holmes,andre-holmes
2560729,Robert Foster,robert-foster
2561574,Corey Bojorquez,corey-bojorquez
2507817,Rafael Bush,rafael-bush
2560766,Taron Johnson,taron-johnson
2543503,Trent Murphy,trent-murphy
2560818,Siran Neal,siran-neal
2560840,Harrison Phillips,harrison-phillips
2555235,Adolphus Washington,adolphus-washington
2556714,Eddie Yarbrough,eddie-yarbrough
2507374,Stephen Hauschka,stephen-hauschka
2549971,Kevin Pamphile,kevin-pamphile
2561328,Sharif Finch,sharif-finch
2541539,Daren Bates,daren-bates
2550289,David Fluellen,david-fluellen
2541756,Brynden Trawick,brynden-trawick
2561033,Dane Cruikshank,dane-cruikshank
2535701,Beau Brinkley,beau-brinkley
2558271,Corey Levin,corey-levin
2556798,Kenneth Durden,kenneth-durden
382,Joe Flacco,joe-flacco
2555430,Alex Collins,alex-collins
2543847,John Brown,john-brown
2552402,Nick Boyle,nick-boyle
71269,Michael Crabtree,michael-crabtree
2552468,Maxx Williams,maxx-williams
4365,Brandon Carr,brandon-carr
2558067,Marlon Humphrey,marlon-humphrey
2540164,Tony Jefferson,tony-jefferson
2543464,C.J. Mosley,c-j-mosley
2556642,Patrick Onwuasor,patrick-onwuasor
2552279,Za'Darius Smith,za-darius-smith
2505660,Terrell Suggs,terrell-suggs
2543765,Brent Urban,brent-urban
2541302,Brandon Williams,brandon-williams-5
2555378,Tavon Young,tavon-young
4485,Josh Sitton,josh-sitton
2553705,Jesse Davis,jesse-davis
2555201,Laremy Tunsil,laremy-tunsil
2543755,Ja'Wuan James,ja-wuan-james
2495299,Daniel Kilgore,daniel-kilgore
2560757,Lamar Jackson,lamar-jackson
2555229,Kenneth Dixon,kenneth-dixon
2552631,Javorius Allen,javorius-allen
2550256,Willie Snead,willie-snead
2560957,Mark Andrews,mark-andrews
2555209,Chris Moore,chris-moore
2560963,Anthony Averett,anthony-averett
2558166,Tyus Bowser,tyus-bowser
2555178,Maurice Canady,maurice-canady
2555505,Matt Judon,matt-judon
2556650,Michael Pierce,michael-pierce
2558990,Patrick Ricard,patrick-ricard
2557841,Tim Williams,tim-williams
2557862,Chris Wormley,chris-wormley
2560947,Kenny Young,kenny-young
2561485,Janarion Grant,janarion-grant
2536340,Justin Tucker,justin-tucker
2506969,Sam Koch,sam-koch
2552580,A.J. Derby,a-j-derby
2560880,Durham Smythe,durham-smythe
4483,William Hayes,william-hayes
2559053,Torry McTyer,torry-mctyer
2543724,Walt Aikens,walt-aikens
2556612,Tanner McEvoy,tanner-mcevoy
2550633,Senorise Perry,senorise-perry
2532797,Brandon Bolden,brandon-bolden
2552321,Stephone Anthony,stephone-anthony
2506220,John Denney,john-denney
2557931,Cordrea Tankersley,cordrea-tankersley
2508058,Sam Young,sam-young
497026,Ted Larsen,ted-larsen
2552466,Marcus Mariota,marcus-mariota
2556075,Derrick Henry,derrick-henry
2557848,Corey Davis,corey-davis
2495966,Delanie Walker,delanie-walker
2555317,Tajae Sharpe,tajae-sharpe
2558207,Jonnu Smith,jonnu-smith
2550613,Malcolm Butler,malcolm-butler
2555158,Kevin Byard,kevin-byard
2495476,Jurrell Casey,jurrell-casey
2540013,Will Compton,will-compton
2555339,Kamalei Correa,kamalei-correa
2543504,DaQuan Jones,daquan-jones
71423,Brian Orakpo,brian-orakpo
2540162,Logan Ryan,logan-ryan
2539320,Kenny Vaccaro,kenny-vaccaro
2354,Wesley Woodyard,wesley-woodyard
2507716,Demar Dotson,demar-dotson
2552332,Ali Marpet,ali-marpet
2552460,Donovan Smith,donovan-smith
2541159,Ryan Jensen,ryan-jensen
2555488,Caleb Benenoch,caleb-benenoch
496843,Jason Pierre-Paul,jason-pierre-paul
2543884,Beau Allen,beau-allen
2495441,Blaine Gabbert,blaine-gabbert
2495469,Dion Lewis,dion-lewis
2495234,Luke Stocker,luke-stocker
2557870,Taywan Taylor,taywan-taylor
2558005,Jayon Brown,jayon-brown
2558065,Adoree' Jackson,adoree-jackson
2540163,Bennie Logan,bennie-logan
496828,Derrick Morgan,derrick-morgan
2555551,LeShaun Sims,leshaun-sims
2555320,Aaron Wallace,aaron-wallace
2532903,Rishard Matthews,rishard-matthews
2553896,Darius Jennings,darius-jennings
89802,Ryan Succop,ryan-succop
4263,Brett Kern,brett-kern
2507701,Evan Smith,evan-smith
2559044,Antony Auclair,antony-auclair
2555270,Carl Nassib,carl-nassib
2540176,William Gholston,william-gholston
2533052,Jerel Worthy,jerel-worthy
2555312,Noah Spence,noah-spence
2560930,Jordan Whitehead,jordan-whitehead
2556567,Isaiah Johnson,isaiah-johnson
2553774,Cameron Lynch,cameron-lynch
2561022,Jack Cichy,jack-cichy
2507731,Garrison Sanborn,garrison-sanborn
2556787,Leonard Wester,leonard-wester
2556934,Javien Elliott,javien-elliott
2532956,Ryan Tannehill,ryan-tannehill
2506404,Frank Gore,frank-gore
2555230,Kenyan Drake,kenyan-drake
2540202,Kenny Stills,kenny-stills
2649,Danny Amendola,danny-amendola
2560994,Mike Gesicki,mike-gesicki
2539935,Kiko Alonso,kiko-alonso
2560966,Jerome Baker,jerome-baker
2558012,Davon Godchaux,davon-godchaux
2555539,Xavien Howard,xavien-howard
496739,Reshad Jones,reshad-jones
2552434,Bobby McCain,bobby-mccain
2539309,T.J. McDonald,t-j-mcdonald
2558070,Raekwon McMillan,raekwon-mcmillan
2495485,Robert Quinn,robert-quinn
2540201,Akeem Spence,akeem-spence
2506314,Cameron Wake,cameron-wake
2539248,Larry Warford,larry-warford
2557959,Ryan Ramczyk,ryan-ramczyk
71493,Max Unger,max-unger
2532891,Josh LeRibeus,josh-leribeus
2540228,Terron Armstead,terron-armstead
2550272,Albert Wilson,albert-wilson
2556190,Jakeem Grant,jakeem-grant
2559043,Chase Allen,chase-allen-2
2532801,Andre Branch,andre-branch
2560725,Minkah Fitzpatrick,minkah-fitzpatrick
2558001,Charles Harris,charles-harris
2552492,Jordan Phillips,jordan-phillips
2558017,Vincent Taylor,vincent-taylor
2561153,Jason Sanders,jason-sanders
2559047,Matt Haack,matt-haack
2558954,Taysom Hill,taysom-hill
2556274,David Onyemata,david-onyemata
2557943,Trey Hendrickson,trey-hendrickson
2532431,Craig Robertson,william-craig-robertson
2559087,Arthur Maulet,arthur-maulet
2541192,Chris Banjo,chris-banjo
2559181,Justin Hardee,justin-hardee
2561206,J.T. Gray,j-t-gray
2556931,Zach Wood,zach-wood
2543539,Michael Ola,michael-ola
2506109,Ben Roethlisberger,ben-roethlisberger
2557978,James Conner,james-conner
2508061,Antonio Brown,antonio-brown
2552633,Jesse James,jesse-james
2539978,Jon Bostic,jon-bostic
2555344,Artie Burns,artie-burns
2555386,Sean Davis,sean-davis
2552289,Bud Dupree,bud-dupree
496733,Joe Haden,joe-haden
2555239,Javon Hargrave,javon-hargrave
2508109,Cameron Heyward,cameron-heyward
2543483,Stephon Tuitt,stephon-tuitt
2558064,T.J. Watt,t-j-watt
2540221,Vince Williams,vince-williams
2557963,Julie'n Davenport,julie-n-davenport
2543862,Zach Fulton,zach-fulton
2532889,Senio Kelemete,senio-kelemete
2555189,Nick Martin,nick-martin
2543730,Seantrel Henderson,seantrel-henderson
2557960,Ryan Switzer,ryan-switzer
2558149,JuJu Smith-Schuster,juju-smith-schuster
2540151,Justin Hunter,justin-hunter
496760,Tyson Alualu,tyson-alualu
496727,Morgan Burnett,morgan-burnett
2556559,Mike Hilton,mike-hilton
2558849,Cameron Sutton,cameron-sutton
2550545,Chris Boswell,chris-boswell
2553348,Jordan Berry,jordan-berry
2560848,Martinas Rankin,martinas-rankin
2553560,Greg Mancz,greg-mancz
2552730,Brian Peters,brian-peters
2556673,Brennan Scarlett,brennan-scarlett
1037347,Joe Webb,joe-webb
2561538,A.J. Moore,a-j-moore
2560774,Peter Kalambayi,peter-kalambayi
2560759,Natrell Jamerson,natrell-jamerson
2507831,Jon Weeks,jon-weeks
2495240,Tyrod Taylor,tyrod-taylor
2543743,Carlos Hyde,carlos-hyde
2537931,Josh Gordon,josh-gordon
2557986,David Njoku,david-njoku
2540928,Darren Fells,darren-fells
2543737,Joel Bitonio,joel-bitonio
2556504,Trevon Coley,trevon-coley
2539311,Jamie Collins,jamie-collins
2557965,Myles Garrett,myles-garrett
2543720,Christian Kirksey,christian-kirksey
2543637,Terrance Mitchell,terrance-mitchell
2555278,Emmanuel Ogbah,emmanuel-ogbah
2557836,Larry Ogunjobi,larry-ogunjobi
2557980,Jabrill Peppers,jabrill-peppers
2552389,Damarious Randall,damarious-randall
2555166,Joe Schobert,joe-schobert
2560916,Denzel Ward,denzel-ward
2552350,Trent Brown,trent-brown
2552563,Shaq Mason,shaq-mason
2555281,Joe Thuney,joseph-michael-thuney
2553632,David Andrews,david-andrews
2495131,Marcus Cannon,marcus-cannon
2533046,Dwayne Allen,dwayne-allen
2561021,Nick Chubb,nick-chubb
2552461,Duke Johnson,duke-johnson
2543488,Jarvis Landry,jarvis-landry
2555468,Rashard Higgins,rashard-higgins
2560988,Antonio Callaway,antonio-callaway
2560964,Genard Avery,genard-avery
2556475,Briean Boddy-Calhoun,briean-boddy-calhoun
2555540,Derrick Kindred,derrick-kindred
2543692,Chris Smith,chris-smith
2550164,T.J. Carrie,t-j-carrie
2558178,Zane Gonzalez,zane-gonzalez
71259,Britton Colquitt,britton-colquitt
2539324,LaAdrian Waddle,laadrian-waddle
2557930,Keionta Davis,keionta-davis
2495140,Adrian Clayborn,adrian-clayborn
89756,Jason McCourty,jason-mccourty
2535132,Nate Ebner,nate-ebner
2553665,Brandon King,brandon-king
4487,Matthew Slater,matthew-slater
2552271,Geneo Grissom,geneo-grissom
2552701,Joe Cardona,joe-cardona
2555145,Ted Karras,ted-karras
2558063,Deshaun Watson,deshaun-watson
2533034,Lamar Miller,lamar-miller
2543646,Bruce Ellington,bruce-ellington
2541316,Ryan Griffin,ryan-francis-griffin
2561427,Vyncint Smith,vyncint-smith
2540165,DeAndre Hopkins,deandre-hopkins
2543456,Jadeveon Clowney,jadeveon-clowney
2552602,Christian Covington,christian-covington
2558094,Zach Cunningham,zach-cunningham
496735,Kareem Jackson,kareem-jackson
2552261,Kevin Johnson,kevin-johnson
2495872,Johnathan Joseph,johnathan-joseph
2540180,Tyrann Mathieu,tyrann-mathieu
2552490,Benardrick McKinney,benardrick-mckinney
2533049,Whitney Mercilus,whitney-mercilus
2555388,D.J. Reader,d-j-reader
2495488,J.J. Watt,j-j-watt
2540229,Jordan Mills,jordan-mills
2553436,John Miller,john-miller
2550569,Ryan Groy,ryan-groy
2508044,Vladimir Ducasse,vladimir-ducasse
2557875,Dion Dawkins,dion-dawkins
2539329,Star Lotulelei,star-lotulelei
2543600,Alfred Blue,alfred-blue
2560896,Jordan Thomas,jordan-thomas
2555234,Tyler Ervin,tyler-ervin
2560951,Jordan Akins,jordan-akins
2552470,Sammie Coates,sammie-coates
2535693,Johnson Bademosi,johnson-bademosi
2552670,Angelo Blackson,angelo-blackson
2559152,Dylan Cole,dylan-cole
2543501,Aaron Colvin,aaron-colvin
2550559,Brandon Dunn,brandon-dunn
2560851,Justin Reid,justin-reid
2556521,Ka'imi Fairbairn,ka-imi-fairbairn
2561034,Trevor Daniel,trevor-daniel
497030,Marshall Newhouse,marshall-newhouse
2530763,Patrick DiMarco,patrick-dimarco
2507644,Ramon Humber,ramon-humber
2556652,Lafayette Pitts,lafayette-pitts
2541848,Deon Lacey,deon-lacey
2495467,Taiwan Jones,taiwan-jones
2556526,Reid Ferguson,reid-ferguson
2504211,Tom Brady,tom-brady
2539265,Rex Burkhead,rex-burkhead
2540145,Cordarrelle Patterson,cordarrelle-patterson
497240,Rob Gronkowski,rob-gronkowski
2508101,James Develin,james-develin
2561143,Ja'Whaun Bentley,ja-whaun-bentley
2552483,Malcom Brown,malcom-brown
71251,Patrick Chung,patrick-chung
2552278,Trey Flowers,trey-flowers
2533062,Stephon Gilmore,stephon-gilmore
2495481,Lawrence Guy,lawrence-guy
2533057,Dont'a Hightower,dont-a-hightower
2556571,Jonathan Jones,jonathan-jones
494287,Devin McCourty,devin-mccourty
2552255,Eric Rowe,eric-rowe
2543699,Kyle Van Noy,kyle-van-noy
2555204,Ronnie Stanley,ronnie-stanley
2556683,Matt Skura,matt-skura
2555353,Alex Lewis,alex-lewis
2550210,James Hurst,james-hurst
2507188,Marshal Yanda,marshal-yanda
2495775,Eric Weddle,eric-weddle
2543603,Jeremy Hill,jeremy-hill
2543773,James White,james-white
2552424,Phillip Dorsett,phillip-dorsett
2530515,Chris Hogan,chris-hogan
2559211,Riley McCarron,riley-mccarron
2558924,Adam Butler,adam-butler
2556542,Nicholas Grigsby,nicholas-grigsby
2541243,Duron Harmon,duron-harmon
2556119,Elandon Roberts,elandon-roberts
2552325,Danny Shelton,danny-shelton
2558000,Deatrich Wise,deatrich-wise
2506922,Stephen Gostkowski,stephen-gostkowski
2539640,Ryan Allen,ryan-allen
2559827,Bradley Bozeman,bradley-bozeman
2560981,Orlando Brown,orlando-brown
2558248,Chuck Clark,chuck-clark
2561301,Chris Board,chris-board
2508004,Anthony Levine,anthony-levine
2508008,Morgan Cox,morgan-cox
2543801,Jimmy Garoppolo,jimmy-garoppolo
2533457,Alfred Morris,alfred-morris
2558266,George Kittle,george-kittle
2540230,Kyle Juszczyk,kyle-juszczyk
2346,Pierre Garcon,pierre-garcon
2539964,Marquise Goodwin,marquise-goodwin
2552493,Arik Armstead,arik-armstead
2555275,DeForest Buckner,deforest-buckner
2558857,Adrian Colbert,adrian-colbert
2550285,Brock Coyle,brock-coyle
496822,Earl Mitchell,earl-mitchell
2495507,Richard Sherman,richard-sherman
2552391,Jaquiski Tartt,jaquiski-tartt
2558018,Solomon Thomas,solomon-thomas
2560917,Fred Warner,fred-warner
2550654,K'Waun Williams,k-waun-williams
2558157,Ahkello Witherspoon,ahkello-witherspoon
2508111,Marcus Gilbert,marcus-gilbert
81821,Ramon Foster,ramon-foster
2550130,Alejandro Villanueva,alejandro-villanueva
497042,Maurkice Pouncey,maurkice-pouncey
2533043,David DeCastro,david-decastro
2550521,Xavier Grimble,xavier-grimble
2560828,Chuks Okorafor,chuks-okorafor
2560712,Terrell Edmunds,terrell-edmunds
2558918,Matt Breida,matt-breida
2560836,Dante Pettis,dante-pettis
2558202,Trent Taylor,trent-taylor
2555251,Ronald Blair,ronald-blair
2555241,Sheldon Day,sheldon-day
2558265,D.J. Jones,d-j-jones
2558121,Elijah Lee,elijah-lee
2543868,Cassius Marsh,cassius-marsh
2543741,Jimmie Ward,jimmie-ward
2506264,Robbie Gould,robbie-gould
2552711,Bradley Pinion,bradley-pinion
2550235,Roosevelt Nix-Jones,roosevelt-nix-jones
2560920,James Washington,james-washington
2553711,B.J. Finney,b-j-finney
80427,Darrius Heyward-Bey,darrius-heyward-bey
2552266,Anthony Chickillo,anthony-chickillo
2550154,Dan McCullers-Sanders,dan-mccullers-sanders
2555171,Tyler Matakevich,tyler-matakevich
2535613,L.J. Fort,l-j-fort
2541696,Jordan Dangerfield,jordan-dangerfield
2556421,Kameron Canaday,kameron-canaday
2543643,Nat Berhe,nat-berhe
2560897,Matthew Thomas,matthew-thomas
2495470,Stevan Ridley,stevan-ridley
2532820,Kirk Cousins,kirk-cousins
2557991,Dalvin Cook,dalvin-cook
2552608,Stefon Diggs,stefon-diggs
2541785,Adam Thielen,adam-thielen
2555214,Laquon Treadwell,laquon-treadwell
2495438,Kyle Rudolph,kyle-rudolph
2543459,Anthony Barr,anthony-barr
2558033,Ben Gedeon,ben-gedeon
496790,Everson Griffen,everson-griffen
2552603,Danielle Hunter,danielle-hunter
496802,Linval Joseph,linval-joseph
2552312,Eric Kendricks,eric-kendricks
2540155,Xavier Rhodes,xavier-rhodes
2540142,Sheldon Richardson,sheldon-richardson
2525323,Andrew Sendejo,andrew-sendejo
2532948,Harrison Smith,harrison-smith
2552448,Trae Waynes,trae-waynes
2561007,Desmond Harrison,desmond-harrison
2532980,Kevin Zeitler,kevin-zeitler
2541716,Chris Hubbard,chris-hubbard
2540292,JC Tretter,jc-tretter
2556365,Seth DeValve,seth-devalve
2541161,Latavius Murray,latavius-murray
2555306,David Morgan,david-morgan
2561027,Tyler Conklin,tyler-conklin
2556803,C.J. Ham,c-j-ham
2560741,Holton Hill,holton-hill
2560746,Mike Hughes,mike-hughes
2508007,Marcus Sherels,marcus-sherels
2560993,Daniel Carlson,daniel-carlson
2553622,Matt Wile,matt-wile
2533047,Orson Charles,orson-charles
2539242,Earl Watford,earl-watford
2561470,Derrick Willies,derrick-willies
2559079,Devaroe Lawrence,devaroe-lawrence
2558289,Tanner Vallejo,tanner-vallejo
2553736,Denzel Rice,denzel-rice
2535722,Charley Hughlett,charley-hughlett
2561278,Tavierre Thomas,tavierre-thomas
2543458,Greg Robinson,greg-robinson
2543477,Blake Bortles,blake-bortles
2557973,Leonard Fournette,leonard-fournette
2559153,Keelan Cole,keelan-cole
2543683,Austin Seferian-Jenkins,austin-seferian-jenkins
2543614,Donte Moncrief,donte-moncrief
2541162,A.J. Bouye,a-j-bouye
744,Calais Campbell,calais-campbell
494259,Barry Church,barry-church
2495478,Marcell Dareus,marcell-dareus
2532848,Tashaun Gipson,tashaun-gipson
2561008,Ronnie Harrison,ronnie-harrison
2555329,Myles Jack,myles-jack
2532873,Malik Jackson,malik-jackson
2555421,Yannick Ngakoue,yannick-ngakoue
2555280,Jalen Ramsey,jalen-ramsey
2543711,Telvin Smith,telvin-smith
2552345,Laken Tomlinson,laken-tomlinson
2495746,Joe Staley,joe-staley
2543705,Weston Richburg,weston-richburg
2560805,Mike McGlinchey,mike-mcglinchey
2508140,Mike Person,mike-person
2552471,T.J. Yeldon,t-j-yeldon
2553650,Corey Grant,corey-grant
2557895,Dede Westbrook,dede-westbrook
2553318,James O'Shaughnessy,james-o-shaughnessy
2495211,Niles Paul,niles-paul
2560983,Taven Bryan,taven-bryan
2539237,D.J. Hayden,d-j-hayden
2560758,Leon Jacobs,leon-jacobs
2539230,Abry Jones,abry-jones
2539662,Lerentee McCray,lerentee-mccray
2559034,Donald Payne,donald-payne
2556711,Jarrod Wilson,jarrod-wilson
2556861,Jaydon Mickens,jaydon-mickens
2553833,Josh Lambo,josh-lambo
2561161,Logan Cooke,logan-cooke
2550468,Garry Gilliam,garry-gilliam
2534820,Garrett Celek,garrett-celek
2555138,Joshua Garnett,joshua-garnett
2558914,Kendrick Bourne,kendrick-bourne
2553728,Raheem Mostert,raheem-mostert
2556708,Cole Wick,cole-wick
2552684,Mark Nzeocha,mark-nzeocha
2561117,Tarvarius Moore,tarvarius-moore
2560850,D.J. Reed,d-j-reed
2543680,Antone Exum,antone-exum
2530722,Kyle Nelson,kyle-nelson
2558971,Greg Mabin,greg-mabin
2505996,Eli Manning,eli-manning
2560968,Saquon Barkley,saquon-barkley
2555295,Sterling Shepard,sterling-shepard
2557858,Evan Engram,evan-engram
2532835,Rhett Ellison,rhett-ellison
2543496,Odell Beckham,odell-beckham
2555277,Eli Apple,eli-apple
2552454,Landon Collins,landon-collins
2555522,B.J. Goodson,b-j-goodson
2535718,Damon Harrison,damon-harrison
2560740,B.J. Hill,b-j-hill
2532875,Janoris Jenkins,janoris-jenkins
2543738,Kareem Martin,kareem-martin
2540143,Alec Ogletree,alec-ogletree
2553822,Curtis Riley,curtis-riley
2557846,Dalvin Tomlinson,dalvin-tomlinson
2556557,Rashod Hill,rashod-hill
2533042,Riley Reiff,riley-reiff
2532816,Tom Compton,tom-compton
2552714,Brett Jones,brett-jones
2535607,Mike Remmers,mike-remmers
949,Jonathan Stewart,jonathan-stewart
2557952,Wayne Gallman,wayne-gallman
2541792,Ray-Ray Armstrong,ray-ray-armstrong
2561015,Lorenzo Carter,lorenzo-carter
2553433,Mario Edwards,mario-edwards
2535687,Michael Thomas,michael-thomas-2
2539338,B.W. Webb,b-w-webb
2550312,Kerry Wynn,kerry-wynn
2552651,Kaelin Clay,kaelin-clay
2543590,Cody Latimer,cody-latimer
2555152,Riley Dixon,riley-dixon
2556771,Aldrick Rosas,aldrick-rosas
2557896,Stacy Coley,stacy-coley
2555156,Jayron Kearse,jayron-kearse
2557845,Jaleel Johnson,jaleel-johnson
2555529,Stephen Weatherly,stephen-weatherly
2552438,David Parry,david-parry
2558915,Tashawn Bower,tashawn-bower
2559012,Eric Wilson,eric-wilson
2553655,Anthony Harris,anthony-harris
2561151,Devante Downs,devante-downs
2532869,George Iloka,george-iloka
2560243,Brandon Zylstra,brandon-zylstra
2541627,Kevin McDermott,kevin-mcdermott
2558181,Danny Isidora,danny-isidora
2558125,Patrick Mahomes,patrick-mahomes
2557917,Kareem Hunt,kareem-hunt
2556214,Tyreek Hill,tyreek-hill
2543457,Sammy Watkins,sammy-watkins
2552652,Chris Conley,chris-conley
2540258,Travis Kelce,travis-kelce
2543494,Dee Ford,dee-ford
2555349,Kendall Fuller,kendall-fuller
2543592,Anthony Hitchens,anthony-hitchens
2495493,Justin Houston,justin-houston
2556369,Chris Jones,chris-jones
2555173,Eric Murray,eric-murray
2552265,Steven Nelson,steven-nelson
2530794,Ron Parker,ron-parker
2555169,Reggie Ragland,reggie-ragland
2553764,Xavier Williams,xavier-williams
2552240,Cameron Erving,cameron-erving
2552668,Mitch Morse,mitch-morse
2539213,Eric Fisher,eric-fisher
2543816,Laurent Duvernay-Tardif,laurent-duvernay-tardif
2532945,Mitchell Schwartz,mitchell-schwartz
2495116,Allen Bailey,allen-bailey
2540204,Spencer Ware,spencer-ware
2495340,Anthony Sherman,anthony-sherman
2543638,De'Anthony Thomas,de-anthony-thomas
2550512,Damien Williams,damien-williams
2558185,Tanoh Kpassagnon,tanoh-kpassagnon
2307,Orlando Scandrick,orlando-scandrick
2556775,Terrance Smith,terrance-smith
2542357,James Winchester,james-winchester
2558245,Harrison Butker,harrison-butker
2506438,Dustin Colquitt,dustin-colquitt
2556737,Alex Ellis,alex-ellis
2555478,Demarcus Robinson,demarcus-robinson
2540247,Jordan Devey,jordan-devey
2560881,Breeland Speaks,breeland-speaks
2495178,Jarvis Jenkins,jarvis-jenkins
2560823,Derrick Nnadi,derrick-nnadi
2560921,Armani Watts,armani-watts
2555542,Jordan Lucas,jordan-lucas
2559076,Marcus Kemp,marcus-kemp
2560827,Dorian O'Daniel,dorian-o-daniel
2561383,Ben Niemann,ben-niemann
2559354,Andrew Wylie,andrew-wylie
2561103,Tremon Smith,tremon-smith
2506121,Philip Rivers,philip-rivers
2552469,Melvin Gordon,melvin-gordon
2540154,Keenan Allen,keenan-allen
2495288,Virgil Green,virgil-green
2553913,Tyrell Williams,tyrell-williams
2541958,Jahleel Addae,jahleel-addae
2532861,Casey Hayward,casey-hayward
2532870,Melvin Ingram,melvin-ingram
2560760,Derwin James,derwin-james
2557927,Desmond King,desmond-king
2552310,Denzel Perryman,denzel-perryman
2552676,Darius Philon,darius-philon
2557860,Isaac Rochell,isaac-rochell
2560928,Kyzir White,kyzir-white
2556828,Trevor Williams,trevor-williams
2543732,Michael Schofield,michael-schofield
497032,Russell Okung,russell-okung
2557873,Dan Feeney,dan-feeney
2495216,Mike Pouncey,mike-pouncey
2559161,Sean Culkin,sean-culkin
2508117,Joe Barksdale,joe-barksdale
2495677,Brandon Mebane,brandon-mebane
2559169,Austin Ekeler,austin-ekeler
2532790,Travis Benjamin,travis-benjamin
2555220,Derek Watt,derek-watt
2558846,Mike Williams,mike-williams
2505299,Antonio Gates,antonio-gates
2556148,Jatavis Brown,jatavis-brown
2552296,Kyle Emanuel,kyle-emanuel
2561358,J.J. Jones,j-j-jones
2560769,Justin Jones,justin-jones
2556809,Chris Landrum,chris-landrum
2550842,Adrian Phillips,adrian-phillips
2540003,Damion Square,damion-square
2555151,Drew Kaser,drew-kaser
2539637,Caleb Sturgis,caleb-sturgis
2558026,Sam Tevi,sam-tevi
2560826,Uchenna Nwosu,uchenna-nwosu
2553877,Nick Dzubnar,nick-dzubnar
2558182,Rayshawn Jenkins,rayshawn-jenkins
2559164,Michael Davis,michael-davis
2561382,Detrez Newsome,detrez-newsome
2552570,Craig Mager,craig-mager
2507845,Mike Windt,mike-windt
2555194,Cole Toner,cole-toner
2532975,Russell Wilson,russell-wilson
2558865,Chris Carson,chris-carson
2561046,Will Dissly,will-dissly
2552430,Tyler Lockett,tyler-lockett
2555289,Nick Vannett,nick-vannett
2530747,Doug Baldwin,doug-baldwin
2552629,Frank Clark,frank-clark
2560728,Tre Flowers,tre-flowers
2558259,Shaquill Griffin,shaquill-griffin
2560999,Shaquem Griffin,shaquem-griffin
2555358,Quinton Jefferson,quinton-jefferson
2506779,Tom Johnson,tom-johnson
2539243,Bradley McDougald,bradley-mcdougald
2540140,Barkevious Mingo,barkevious-mingo
2557891,Ethan Pocic,ethan-pocic
2555238,Jarran Reed,jarran-reed
2508080,Earl Thomas,earl-thomas
2532966,Bobby Wagner,bobby-wagner
2550135,Justin Britt,justin-britt
2555395,Germain Ifedi,germain-ifedi
2533342,J.R. Sweezy,j-r-sweezy
808,Duane Brown,duane-brown
2560835,Rashaad Penny,rashaad-penny
2495893,Brandon Marshall,brandon-marshall
2556603,Tre Madden,tre-madden
2541966,Jaron Brown,jaron-brown
2558856,David Moore,david-moore
2558925,Austin Calitro,austin-calitro
2553637,Justin Coleman,justin-coleman
2560998,Rasheem Green,rasheem-green
2558077,Delano Hill,delano-hill
2543706,Shamar Stephen,shamar-stephen
2557881,Tedric Thompson,tedric-thompson
2504257,Sebastian Janikowski,sebastian-janikowski
2561045,Michael Dickson,michael-dickson
2555417,C.J. Prosise,c-j-prosise
2556524,George Fant,george-fant
2539288,Dion Jordan,dion-jordan
2561092,Jake Martin,jake-martin
2553456,Akeem King,akeem-king
2534846,Neiko Thorpe,neiko-thorpe
2550590,Tyler Ott,tyler-ott
2558886,Darrell Daniels,darrell-daniels
2558868,Jermaine Grace,jermaine-grace
2555185,Joey Hunt,joey-hunt
2532888,Case Keenum,case-keenum
2560733,Royce Freeman,royce-freeman
497322,Emmanuel Sanders,emmanuel-sanders
497328,Demaryius Thomas,demaryius-thomas
2557859,Jake Butt,jake-butt
2552399,Jeff Heuerman,jeff-heuerman
2561020,Bradley Chubb,bradley-chubb
2550930,Todd Davis,todd-davis
2530510,Chris Harris,chris-harris
2532898,Brandon Marshall,brandon-marshall-2
2495202,Von Miller,von-miller
2506925,Domata Sr. Peko,domata-sr-peko
2543505,Bradley Roby,bradley-roby
2555550,Justin Simmons,justin-simmons
494307,Darian Stewart,darian-stewart
2533026,Derek Wolfe,derek-wolfe
2555133,Connor McGovern,connor-mcgovern
2550155,Matt Paradis,matt-paradis
497061,Jared Veldheer,jared-veldheer
2558014,Garett Bolles,garett-bolles
2533454,Ronald Leary,ronald-leary
2555502,Adam Gotsis,adam-gotsis
2559947,Phillip Lindsay,phillip-lindsay
2555223,Devontae Booker,devontae-booker
2560888,Courtland Sutton,courtland-sutton
2558985,Tim Patrick,tim-patrick
2553667,Matt LaCosse,matt-lacosse
2550541,Shaquil Barrett,shaquil-barrett
2549926,Shelby Harris,shelby-harris
2506345,Adam Jones,adam-jones
2556278,Will Parks,will-parks
2552451,Shane Ray,shane-ray
2541556,Brandon McManus,brandon-mcmanus
2534819,Marquette King,marquette-king
2561002,DaeSean Hamilton,daesean-hamilton
2555432,Andy Janovich,andy-janovich
2543740,Billy Turner,billy-turner
2550575,Zach Kerr,zach-kerr
2560763,Josey Jewell,josey-jewell
2507917,Tramaine Brock,tramaine-brock
2559293,Dymonte Thomas,dymonte-thomas
2559200,Joe Jones,joe-jones
2560976,Keishawn Bierria,keishawn-bierria
2550364,Casey Kreiter,casey-kreiter
2552583,Max Garcia,max-garcia
2555260,Dak Prescott,dak-prescott
2555224,Ezekiel Elliott,ezekiel-elliott
2534436,Deonte Thompson,deonte-thompson
2553454,Geoff Swaim,geoff-swaim
2539205,Terrance Williams,terrance-williams
2557840,Chidobe Awuzie,chidobe-awuzie
2555531,Anthony Brown,anthony-brown
2557882,Taco Charlton,taco-charlton
2532821,Tyrone Crawford,tyrone-crawford
2555536,Kavon Frazier,kavon-frazier
2541832,Jeff Heath,jeff-heath
2552568,Byron Jones,byron-jones
2543490,Demarcus Lawrence,demarcus-lawrence
496937,Sean Lee,sean-lee
2555310,Jaylon Smith,jaylon-smith
2556792,Antwaun Woods,antwaun-woods
2560934,Connor Williams,connor-williams
2532896,Joe Looney,joe-looney
2495435,Tyron Smith,tyron-smith
2553505,La'el Collins,la-el-collins
2543480,Zack Martin,zack-martin
2536044,Jamize Olawale,jamize-olawale
2553743,Rod Smith,rod-smith
2539336,Tavon Austin,tavon-austin
2535698,Cole Beasley,cole-beasley
2550353,Allen Hurns,allen-hurns
2560735,Michael Gallup,michael-gallup
2559193,Blake Jarwin,blake-jarwin
2560959,Dorance Armstrong,dorance-armstrong
2555400,Maliek Collins,maliek-collins
2553815,Justin March-Lillard,justin-march-lillard
2559240,Daniel Ross,daniel-ross
2550262,Joe Thomas,joe-thomas
2560908,Leighton Vander Esch,leighton-vander-esch
2552686,Damien Wilson,damien-wilson
2539987,Chris Jones,chris-a-jones
2540243,Brett Maher,brett-maher
2560866,Dalton Schultz,dalton-schultz
2552446,Randy Gregory,randy-gregory
2557920,Jourdan Lewis,jourdan-lewis
2506282,L.P. LaDouceur,l-p-ladouceur
2543654,Cameron Fleming,cameron-fleming
2495455,Cam Newton,cam-newton
2557997,Christian McCaffrey,christian-mccaffrey
2552458,Devin Funchess,devin-funchess
2495700,Greg Olsen,greg-olsen
2532978,Jarius Wright,jarius-wright
2495459,Torrey Smith,torrey-smith
2560894,Ian Thomas,ian-thomas
2505708,Mike Adams,mike-adams
2530474,Mario Addison,mario-addison
2555175,James Bradberry,james-bradberry
2539306,Wes Horton,wes-horton
2560753,Donte Jackson,donte-jackson
2533056,Luke Kuechly,luke-kuechly
2553441,David Mayo,david-mayo
2495339,Da'Norris Searcy,da-norris-searcy
2539296,Kawann Short,kawann-short
2552447,Shaq Thompson,shaq-thompson
2557871,Taylor Moton,taylor-moton
2538145,Greg Van Roten,greg-van-roten
2543606,Trai Turner,trai-turner
2552357,Daryl Williams,daryl-williams
2533435,Dontari Poe,dontari-poe
2540269,C.J. Anderson,c-j-anderson
2560813,DJ Moore,dj-moore
2558833,Alex Armah,alex-armah
2555243,Vernon Butler,vernon-butler
2558933,Bryan Cox,bryan-cox
2499257,Colin Jones,colin-jones
2507837,Kyle Love,kyle-love
80668,Captain Munnerlyn,captain-munnerlyn
2505010,Julius Peppers,julius-peppers
2553499,Damiere Byrd,damiere-byrd
71309,Graham Gano,graham-gano
2550770,Michael Palardy,michael-palardy
2495655,Ryan Kalil,ryan-kalil
2552622,Chris Manhertz,chris-manhertz
2532947,Amini Silatolu,amini-silatolu
2556862,Jared Norris,jared-norris
2531080,Ben Jacobs,ben-jacobs
2561093,Jermaine Carter,jermaine-carter
2558171,Corn Elder,corn-elder
2560775,Rashaan Gaulden,rashaan-gaulden
2507412,J.J. Jansen,j-j-jansen
2550493,Tyler Larsen,tyler-larsen
2552356,Corey Robinson,corey-robinson
2506340,Alex Smith,alex-smith
2507164,Adrian Peterson,adrian-peterson
2540160,Jordan Reed,jordan-reed
2552415,Jamison Crowder,jamison-crowder
2543491,Paul Richardson,paul-richardson
2555343,Josh Doctson,josh-doctson
2557844,Jonathan Allen,jonathan-allen
2532804,Zach Brown,zach-brown
2495281,Mason Foster,mason-foster
2555240,Matthew Ioannidis,matthew-ioannidis
2558133,Montae Nicholson,montae-nicholson
2532920,Josh Norman,josh-norman
2560834,Da'Ron Payne,da-ron-payne
2539943,D.J. Swearinger,d-j-swearinger
497028,Shawn Lauvao,shawn-lauvao
2543489,Morgan Moses,morgan-moses
2552032,Brandon Scherff,brandon-scherff
2558037,Chase Roullier,chase-roullier
497073,Trent Williams,trent-williams
2552276,Preston Smith,preston-smith
2495190,Ryan Kerrigan,ryan-kerrigan
2553710,Deshazor Everett,deshazor-everett
2540011,Chris Thompson,chris-thompson
2556414,Rob Kelley,rob-kelley
2495826,Vernon Davis,vernon-davis
2557853,Ryan Anderson,ryan-anderson
2553796,Quinton Dunbar,quinton-dunbar
2507780,Ziggy Hood,ziggy-hood
2495201,Pernell McPhee,pernell-mcphee
2558136,Fabian Moreau,fabian-moreau
2553687,Zach Vigil,zach-vigil
2560847,Trey Quinn,trey-quinn
2560764,Danny Johnson,danny-johnson
2539227,Dustin Hopkins,dustin-hopkins
2541903,Tress Way,tress-way
2557886,Jeremy Sprinkle,jeremy-sprinkle
2538176,Ty Nsekhe,ty-nsekhe
2557880,Josh Harvey-Clemons,josh-harvey-clemons
2560886,Greg Stroman,greg-stroman
2560871,Tim Settle,tim-settle
2560958,Troy Apke,troy-apke
2561003,Shaun Dion Hamilton,shaun-dion-hamilton
2507668,Nick Sundberg,nick-sundberg
2533010,Tony Bergstrom,tony-bergstrom
2561067,Cam Sims,cam-sims
497095,Sam Bradford,sam-bradford
2553435,David Johnson,david-johnson
2506106,Larry Fitzgerald,larry-fitzgerald
2559248,Ricky Seals-Jones,ricky-seals-jones
2558009,Budda Baker,budda-baker
2495807,Antoine Bethea,antoine-bethea
2543830,Tre Boston,tre-boston
2543769,Deone Bucannon,deone-bucannon
2530491,Josh Bynes,josh-bynes
2533538,Chandler Jones,chandler-jones
2542009,Benson Mayowa,benson-mayowa
2555336,Robert Nkemdiche,robert-nkemdiche
496841,Corey Peters,corey-peters
2495504,Patrick Peterson,patrick-peterson
2539932,Jamar Taylor,jamar-taylor
2561025,Mason Cole,mason-cole
2540195,Justin Pugh,justin-pugh
2552626,D.J. Humphries,d-j-humphries
497016,Mike Iupati,mike-iupati
71465,Andre Smith,andre-smith
2553658,Gabe Holmes,gabe-holmes
2534871,Derrick Coleman,derrick-coleman
2560711,Chase Edmonds,chase-edmonds
2560781,Christian Kirk,christian-kirk
2558208,Chad Williams,chad-williams
2558174,Rudy Ford,rudy-ford
2553437,Rodney Gunter,rodney-gunter
2543796,Zach Moore,zach-moore
2557887,Haason Reddick,haason-reddick
2533005,Jacquies Smith,jacquies-smith
2550503,Garrison Smith,garrison-smith
2506017,Andy Lee,andy-lee
2539207,John Wetzel,john-wetzel
2552656,J.J. Nelson,j-j-nelson
2553583,Olsen Pierre,olsen-pierre
2543855,Bene' Benwikere,bene-benwikere
2561200,Dennis Gardeck,dennis-gardeck
2539293,Gerald Hodges,gerald-hodges
2561283,Ezekiel Turner,ezekiel-turner
2556371,Brandon Williams,brandon-williams
2535529,Aaron Brewer,aaron-brewer
2561272,Trent Sherfield,trent-sherfield
2500351,Phil Dawson,phil-dawson
2558008,Mitchell Trubisky,mitchell-trubisky
2555418,Jordan Howard,jordan-howard
2558250,Tarik Cohen,tarik-cohen
2550284,Trey Burton,trey-burton
2540200,Dion Sims,dion-sims
2552636,Michael Burton,michael-burton
2552385,Adrian Amos,adrian-amos
2495108,Prince Amukamara,prince-amukamara
2553500,Bryce Callahan,bryce-callahan
2555285,Leonard Floyd,leonard-floyd
2543681,Kyle Fuller,kyle-fuller
2552489,Eddie Goldman,eddie-goldman
2533433,Akiem Hicks,akiem-hicks
2558176,Eddie Jackson,eddie-jackson
2555288,Nick Kwiatkoski,nick-kwiatkoski
2532961,Danny Trevathan,danny-trevathan
2541312,Eric Kush,eric-kush
2555132,Cody Whitehair,cody-whitehair
2550169,Charles Leno Jr.,charles-leno-jr
2539933,Kyle Long,kyle-long
2533543,Bobby Massie,bobby-massie
2543650,Aaron Lynch,aaron-lynch
2543509,Allen Robinson,allen-robinson
2550617,Taylor Gabriel,taylor-gabriel
2560810,Anthony Miller,anthony-miller
2555335,Jonathan Bullard,jonathan-bullard
2543463,Khalil Mack,khalil-mack
2556665,Roy Robertson-Harris,roy-robertson-harris
2560877,Roquan Smith,roquan-smith
2550380,Cody Parkey,cody-parkey
2543611,Pat O'Donnell,pat-o-donnell
2553432,Kevin White,kevin-white
2556478,Ben Braunecker,ben-braunecker
2535964,Josh Bellamy,josh-bellamy
2541479,Nick Williams,nick-williams-2
2495101,Sam Acho,sam-acho
494289,Sherrick McManis,sherrick-mcmanis
2541202,Marcus Cooper,marcus-cooper
2555155,Deon Bush,deon-bush
2541544,Benny Cunningham,benny-cunningham
2559287,Isaiah Irving,isaiah-irving
2560750,Joel Iyiegbuniwe,joel-iyiegbuniwe
2530600,Patrick Scales,patrick-scales
2561035,James Daniels,james-daniels
2535866,Bradley Sowell,bradley-sowell
2506363,Aaron Rodgers,aaron-rodgers
2558204,Jamaal Williams,jamaal-williams
2495448,Randall Cobb,randall-cobb
2543495,Davante Adams,davante-adams
2556460,Geronimo Allison,geronimo-allison
497236,Jimmy Graham,jimmy-graham
2556480,Kentrell Brice,kentrell-brice
2555282,Kenny Clark,kenny-clark
2543470,Ha Ha Clinton-Dix,ha-ha-clinton-dix
2560755,Josh Jackson,josh-jackson
2557996,Kevin King,kevin-king
2543631,Corey Linsley,corey-linsley
2555161,Blake Martinez,blake-martinez
80431,Clay Matthews,clay-matthews
2533048,Nick Perry,nick-perry
2552697,Jermaine Whitehead,jermaine-whitehead
2495490,Muhammad Wilkerson,muhammad-wilkerson
2506789,Tramon Williams,tramon-williams
2541898,Lane Taylor,lane-taylor
2540183,David Bakhtiari,david-bakhtiari
496988,Bryan Bulaga,bryan-bulaga
2550495,Justin McCray,justin-mccray
2557983,DeShone Kizer,deshone-kizer
2552429,Ty Montgomery,ty-montgomery
2495187,Lance Kendricks,lance-kendricks
2557876,Montravius Adams,montravius-adams
2560952,Jaire Alexander,jaire-alexander
2532826,Mike Daniels,mike-daniels
2556537,Reggie Gilbert,reggie-gilbert
2555274,Dean Lowry,dean-lowry
2555160,Antonio Morrison,antonio-morrison
2507232,Mason Crosby,mason-crosby
2560868,JK Scott,jk-scott
2495888,Marcedes Lewis,marcedes-lewis
2560907,Marquez Valdes-Scantling,marquez-valdes-scantling
2555340,Kyler Fackrell,kyler-fackrell
2534567,Korey Toomer,korey-toomer
2495170,Davon House,davon-house
2561312,James Crawford,james-crawford
2559270,Robert Tonyan,robert-tonyan
2561156,Hunter Bradley,hunter-bradley
2556273,Darius Jackson,darius-jackson
2531030,Byron Bell,byron-bell
2555197,Jason Spriggs,jason-spriggs
2560883,Equanimeous St. Brown,equanimeous-st-brown
2561036,Sam Darnold,sam-darnold
2495328,Bilal Powell,bilal-powell
2543828,Quincy Enunwa,quincy-enunwa
2553451,Neal Sterling,neal-sterling
2553744,Eric Tomlinson,eric-tomlinson
2556462,Robby Anderson,robby-anderson
2557979,Jamal Adams,jamal-adams
2533059,Morris Claiborne,morris-claiborne
2541695,Brandon Copeland,brandon-copeland
2555256,Jordan Jenkins,jordan-jenkins
2532877,Trumaine Johnson,trumaine-johnson
2555322,Darron Lee,darron-lee
2507590,Steve McLendon,steve-mclendon
2556617,Doug Middleton,doug-middleton
2543597,Avery Williamson,avery-williamson
2555193,Brandon Shell,brandon-shell
2495134,James Carpenter,james-carpenter
2539247,Brian Winters,brian-winters
2533442,Kelvin Beachum,kelvin-beachum
2550140,Spencer Long,spencer-long
2552486,Leonard Williams,leonard-williams
2560873,Nathan Shepherd,nathan-shepherd
2550189,Isaiah Crowell,isaiah-crowell
2561137,Trenton Cannon,trenton-cannon
497320,Andre Roberts,andre-roberts
2531332,Terrelle Pryor,terrelle-pryor
2543717,Jeremiah Attaochu,jeremiah-attaochu
2553657,Neville Hewitt,neville-hewitt
2561366,Frankie Luvu,frankie-luvu
2560822,Parry Nickerson,parry-nickerson
2553353,Darryl Roberts,darryl-roberts
2495343,Buster Skrine,buster-skrine
2540219,J.J. Wilcox,j-j-wilcox
2553112,Jason Myers,jason-myers
2555558,Lac Edwards,lac-edwards
2560738,Chris Herndon,chris-herndon
2557885,Jordan Leggett,jordan-leggett
2555477,Charone Peake,charone-peake
2552272,Henry Anderson,henry-anderson
2550242,Mike Pennel,mike-pennel
2543712,Terrence Brooks,terrence-brooks
2555313,Juston Burris,juston-burris
2558888,Thomas Hennessy,thomas-hennessy
2550528,Brent Qvale,brent-qvale
2550205,Jonotthan Harrison,jonotthan-harrison
79860,Matthew Stafford,matthew-stafford
2558052,Kenny Golladay,kenny-golladay
2532884,Marvin Jones,marvin-jones
2534830,Tavon Wilson,tavon-wilson
497149,LeGarrette Blount,legarrette-blount
2539931,Ezekiel Ansah,ezekiel-ansah
2557855,Jarrad Davis,jarrad-davis
2552262,Quandre Diggs,quandre-diggs
79583,Ricky Jean Francois,ricky-jean-francois
2550572,Christian Jones,christian-jones
2543869,Devon Kennard,devon-kennard
2543872,Nevin Lawson,nevin-lawson
71441,Glover Quin,glover-quin
2540288,Darius Slay,darius-slay
2539270,Sylvester Williams,sylvester-williams
2539340,Ricky Wagner,ricky-wagner
2555182,Graham Glasgow,graham-glasgow
2561142,Frank Ragnow,frank-ragnow
2555206,Taylor Decker,taylor-decker
89746,T.J. Lang,t-j-lang
2558049,Michael Roberts,michael-roberts
2495262,Nick Bellore,nick-lalonde-bellore
2506562,Matt Cassel,matt-cassel
2540020,Theo Riddick,theo-riddick
2560765,Kerryon Johnson,kerryon-johnson
497326,Golden Tate,golden-tate
2540203,Levine Toilolo,levine-toilolo
2543836,T.J. Jones,t-j-jones
2556453,Hakeem Valles,hakeem-valles
2558821,Jamal Agnew,jamal-agnew
2549896,Marquis Flowers,marquis-flowers
2561004,Da'Shawn Hand,da-shawn-hand
2552494,Eli Harold,eli-harold
2550433,Kerry Hyder,kerry-hyder
2506677,Matt Prater,matt-prater
2541311,Sam Martin,sam-martin
2541199,Luke Willson,luke-willson
2553725,Bradley Marquez,bradley-marquez
2530556,Kenny Wiggins,kenny-wiggins
2557924,Jalen Reeves-Maybin,jalen-reeves-maybin
2557955,Teez Tabor,teez-tabor
32462018,Tracy Walker,tracy-walker
2555315,Miles Killebrew,miles-killebrew
2556703,Charles Washington,charles-washington
2505801,Don Muhlbach,don-muhlbach
2555334,Jared Goff,jared-goff
2552475,Todd Gurley,todd-gurley
2557898,Cooper Kupp,cooper-kupp
2543498,Brandin Cooks,brandin-cooks
2540169,Robert Woods,robert-woods
2533050,Michael Brockers,michael-brockers
2543485,Aaron Donald,aaron-donald
2543487,Dominique Easley,dominique-easley
2558830,Samson Ebukam,samson-ebukam
2552363,Rob Havenstein,rob-havenstein
2558183,John Johnson,john-johnson
2543492,Lamarcus Joyner,lamarcus-joyner-2
2556593,Cory Littleton,cory-littleton
2552488,Marcus Peters,marcus-peters
496861,Ndamukong Suh,ndamukong-suh
1302,Aqib Talib,aqib-talib
2552320,Ramik Wilson,ramik-wilson
497048,Rodger Saffold,rodger-saffold
2495977,Andrew Whitworth,andrew-whitworth
2555180,Austin Blythe,austin-blythe
2507491,John Sullivan,john-sullivan
2555364,Tyler Higbee,tyler-higbee
2552382,Malcolm Brown,malcolm-brown
2556277,Marqui Christian,marqui-christian
2560731,John Franklin-Myers,john-franklin-myers
2559934,Justin Lawler,justin-lawler-2
2553722,Matt Longacre,matt-longacre
2540197,Nickell Robey-Coleman,nickell-robey-coleman
2550449,Ethan Westbrooks,ethan-westbrooks
2555419,Pharoh Cooper,pharoh-cooper
2534797,Greg Zuerlein,greg-zuerlein
2535663,Johnny Hekker,johnny-hekker
2557889,Gerald Everett,gerald-everett
2558875,Johnny Mundt,johnny-mundt
2558194,Josh Reynolds,josh-reynolds
2556374,Blake Countess,blake-countess
2552307,Bryce Hager,bryce-hager
2560782,Micah Kiser,micah-kiser
1037374,Sam Shields,sam-shields
2553545,Isaiah Johnson,isaiah-nathan-johnson
2553536,Troy Hill,troy-hill
2556381,Mike Thomas,mike-thomas-2
2530852,Jake McQuaide,jake-mcquaide
2560954,Brian Allen,brian-allen-4
2560825,Joe Noteboom,joe-noteboom
2543499,Derek Carr,derek-carr
2495663,Marshawn Lynch,marshawn-lynch
2552487,Amari Cooper,amari-cooper
71265,Jared Cook,jared-cook
1032,Jordy Nelson,jordy-nelson
2534241,Derek Carrier,derek-carrier
2558062,Gareon Conley,gareon-conley
2495153,Marcus Gilchrist,marcus-gilchrist
2560080,P.J. Hall,p-j-hall
2495617,Leon Hall,leon-hall
2532871,Bruce Irvin,bruce-irvin
2506353,Derrick Johnson,derrick-johnson
2541200,Rashaan Melvin,rashaan-melvin
2507167,Reggie Nelson,reggie-nelson
2506908,Frostee Rucker,frostee-rucker
2532986,Tahir Whitehead,tahir-whitehead
2543733,Gabe Jackson,gabe-jackson
2560811,Kolton Miller,kolton-miller
2506706,Donald Penn,donald-penn
2495171,Rodney Hudson,rodney-hudson
2532922,Kelechi Osemele,kelechi-osemele
2543812,Justin Ellis,justin-ellis
2556885,Jalen Richard,jalen-richard
2532899,Doug Martin,doug-martin
2550597,Seth Roberts,seth-roberts
2555294,Shilique Calhoun,shilique-calhoun
2560748,Maurice Hurst,maurice-hurst
2560779,Arden Key,arden-key
2557972,Marquel Lee,marquel-lee
306,Dominique Rodgers-Cromartie,dominique-rodgers-cromartie
2495159,Dwayne Harris,dwayne-harris
2506386,Mike Nugent,mike-nugent
2560903,Johnny Townsend,johnny-townsend
2495347,Lee Smith,lee-smith
2550400,Keith Smith,keith-smith
2558920,Fadol Brown,fadol-brown
2555342,Karl Joseph,karl-joseph
2536032,Emmanuel Lamur,emmanuel-lamur
2555568,Erik Harris,erik-harris
2532974,Kyle Wilber,kyle-wilber
2559054,Nicholas Morrow,nicholas-morrow
2558950,Keon Hatcher,keon-hatcher
2560832,Brandon Parker,brandon-parker
2552343,Jon Feliciano,jon-feliciano
2538247,Andrew DePaola,andrew-depaola
2561468,De'Lance Turner,de-lance-turner
2561469,Darious Williams,darious-williams
2560762,Malik Jefferson,malik-jefferson
2541187,Demetrius Harris,demetrius-harris
2540215,Vance McDonald,vance-mcdonald
2532946,Coty Sensabaugh,coty-sensabaugh
2552444,L.T. Walton,l-t-walton
2550561,Matt Feiler,matt-feiler
2558123,Marlon Mack,marlon-mack
2555202,Le'Raven Clark,le-raven-clark
2550206,Ryan Hewitt,ryan-hewitt
2555248,Jihad Ward,jihad-ward
2556855,Marcus Johnson,marcus-johnson
2555514,Hassan Ridgeway,hassan-ridgeway
2557866,Jehu Chesson,jehu-chesson
2532933,Brian Quick,brian-quick
2550365,Kenny Ladler,kenny-ladler
2539335,Geno Smith,geno-smith
2552654,Geremy Davis,geremy-davis
2560719,Brandon Facyson,brandon-facyson
2560846,Scott Quessenberry,scott-quessenberry
79901,Vontae Davis,vontae-davis
2550532,Robert Thomas,robert-thomas
2552299,Nate Orchard,nate-orchard
2535867,Julian Stanford,julian-stanford
2555177,Mackensie Alexander,mackensie-alexander
2560831,Brian O'Neill,brian-o-neill
2557031,Lucas Patrick,lucas-patrick
2530660,Kamar Aiken,kamar-aiken
2532800,Nigel Bradham,nigel-bradham
2555366,Deiondre' Hall,deiondre-hall
2550605,Marcus Williams,marcus-williams-2
2543881,Will Clarke,will-clarke
2507358,Chris Clark,chris-clark
2561009,Marquis Haynes,marquis-haynes
2552599,Lorenzo Doss,lorenzo-doss
2552375,Cameron Artis-Payne,cameron-artis-payne
2561232,Brendan Mahon,brendan-mahon
2505982,Matt Schaub,matt-schaub
2552392,Jordan Richards,jordan-richards
2539219,Blidi Wreh-Wilson,blidi-wreh-wilson
2534741,Keith Tandy,keith-tandy
2550167,Corey Nelson,corey-nelson
2533554,Josh Harris,josh-harris
2558112,Brian Hill,brian-hill
2561147,Cornell Armstrong,cornell-armstrong
2532887,Jermaine Kearse,jermaine-kearse
2543563,Kevin Pierre-Louis,kevin-pierre-louis
2556489,James Burgess,james-burgess
2552280,Carl Davis,carl-davis
2561028,Austin Corbett,austin-corbett
2560893,Chad Thomas,chad-thomas
2555268,Anthony Zettel,anthony-zettel
2561054,Damion Ratley,damion-ratley
2543823,E.J. Gaines,e-j-gaines
2552455,Andrus Peat,andrus-peat
2507203,Jermon Bushrod,jermon-bushrod
2560882,Taylor Stallworth,taylor-stallworth
2556753,Mitchell Loewen,mitchell-loewen
2552484,P.J. Williams,p-j-williams
2555346,Will Fuller,will-fuller
2560714,Duke Ejiofor,duke-ejiofor
2553549,Kendall Lamm,kendall-lamm
2556551,Joel Heath,joel-heath
2561344,Buddy Howell,buddy-howell
2495251,Shareece Wright,shareece-wright
2556755,Tyler Marz,tyler-marz
2558942,Anthony Firkser,anthony-firkser
2560784,Harold Landry,harold-landry
2552401,MyCole Pruitt,mycole-pruitt
2560718,Rashaan Evans,rashaan-evans
2556641,Romeo Okwara,romeo-okwara
2555265,A'Shawn Robinson,a-shawn-robinson
2559274,Dee Virgin,dee-virgin
2555136,Joe Dahl,joe-dahl
2560761,Richie James,richie-james
2541777,Terence Garvin,terence-garvin
2558273,T.J. Logan,t-j-logan
2553753,Blaine Clausell,blaine-clausell
2561249,Deatrick Nichols,deatrick-nichols
2558905,JoJo Natson,jojo-natson
2555365,Brandon Allen,brandon-allen
2559163,Justin Davis,justin-davis
2558956,Jacob Hollister,jacob-hollister
2560809,Sony Michel,sony-michel
2556454,Brandon Wilds,brandon-wilds
2553431,Dante Fowler,dante-fowler
2543572,Martavis Bryant,martavis-bryant
2556657,Brian Price,brian-price
2539224,Tank Carradine,tank-carradine
89758,Clinton McDonald,clinton-mcdonald
497302,Brandon LaFell,brandon-lafell
2540147,Johnathan Hankins,johnathan-hankins
2561465,Trent Sieg,trent-sieg
238,John Greco,john-greco
2556512,Donte' Deayon,donte-deayon
2539231,John Jenkins,john-jenkins
2556375,Rico Gathers,rico-gathers
2552605,Ibraheim Campbell,ibraheim-campbell
2532890,Mychal Kendricks,mychal-kendricks
2553439,Mike Davis,mike-davis
2555356,Keenan Reynolds,keenan-reynolds
2561195,Poona Ford,poona-ford
2557964,Nazair Jones,nazair-jones
2560821,Bilal Nichols,bilal-nichols
2553900,Daniel Brown,daniel-brown
2560901,Kevin Toliver,kevin-toliver
2560800,Baker Mayfield,baker-mayfield
2561534,Greg Joseph,greg-joseph
2556762,Elijhaa Penny,elijhaa-penny
2561318,Tae Davis,tae-davis
2556821,Spencer Pulley,spencer-pulley
2558116,Aaron Jones,aaron-jones
2560984,Oren Burks,oren-burks
2561207,Raven Greene,raven-greene
2550542,Kapri Bibbs,kapri-bibbs
2556404,Maurice Harris,maurice-harris
2561559,Casey Dunn,casey-dunn
2560801,Ray-Ray McCloud,ray-ray-mccloud
2559208,Ryan Lewis,ryan-lewis
2543622,Russell Bodine,russell-bodine
2553552,Khari Lee,khari-lee
2561099,Mike Boone,mike-boone
2495331,Aldrick Robinson,aldrick-robinson
2558848,Pat Elflein,pat-elflein
2495259,Dan Bailey,dan-bailey
2552365,T.J. Clemmings,t-j-clemmings
2552409,DeVante Parker,devante-parker
2559058,Maurice Smith,maurice-smith
2553568,Cameron Meredith,cameron-meredith
2543860,Jay Bromley,jay-bromley
2557906,Vince Biegel,vince-biegel
2559098,Cameron Tom,cameron-tom
2560830,Isaiah Oliver,isaiah-oliver
2541310,Steven Means,steven-means
2556716,Justin Zimmer,justin-zimmer
2561449,Richard Jarvis,richard-jarvis
2507865,Ben Garland,ben-garland
2557837,Reuben Foster,reuben-foster
2499278,Malcolm Smith,malcolm-smith
2558973,Erik Magnuson,erik-magnuson
2557922,C.J. Beathard,c-j-beathard
2556655,Tyvis Powell,tyvis-powell
2539937,Shamarko Thomas,shamarko-thomas
2560946,Isaac Yiadom,isaac-yiadom
496814,Albert McClellan,albert-mcclellan
2559007,Tim White,tim-white
2561129,Zach Sieler,zach-sieler
2553640,Robertson Daniel,robertson-daniel
2555261,Jacoby Brissett,jacoby-brissett
2553460,Denzelle Good,denzelle-good
2555259,Carson Wentz,carson-wentz
2560949,Josh Adams,josh-adams
2543500,Jordan Matthews,jordan-matthews
2561044,Matt Dickerson,matt-dickerson
2561524,Dalyn Dawkins,dalyn-dawkins
2553679,Chris Reed,chris-reed
2559003,Josh Tupou,josh-tupou
2560915,Mark Walton,mark-walton
2555331,Cody Core,cody-core
2555131,Christian Westerman,christian-westerman
2553310,Efe Obada,efe-obada
2556550,Josh Hawkins,josh-hawkins
2561544,Trenton Scott,trenton-scott
2557430,Sam Ficken,sam-ficken
2561653,KhaDarel Hodge,khadarel-hodge
2552340,Jamon Brown,jamon-brown
2552273,Markus Golden,markus-golden
2560858,Josh Rosen,josh-rosen
497238,Jermaine Gresham,jermaine-gresham
2553932,Daniel Munyer,daniel-munyer
2556192,Joe Walker,joe-walker
2543431,Jeremy Vujnovich,jeremy-vujnovich
2558159,Xavier Woods,xavier-woods
2539325,Datone Jones,datone-jones
2540166,D.J. Fluker,d-j-fluker
2558274,Shalom Luani,shalom-luani
2561157,Keion Crossen,keion-crossen
2560754,J.C. Jackson,j-c-jackson
2558040,Derek Rivers,derek-rivers
2555380,Cyrus Jones,cyrus-jones
2535609,DeShawn Shead,deshawn-shead
2560862,Jaylen Samuels,jaylen-samuels
2506861,Brent Grimes,brent-grimes
2560898,Roc Thomas,roc-thomas
2560948,Trevon Young,trevon-young
2559356,Dominique Hatfield,dominique-hatfield
2556588,Eric Lee,eric-lee
2543748,Caraun Reid,caraun-reid
2561030,Chris Covington,chris-covington
2557868,Conor McDermott,conor-mcdermott
2560814,J'Mon Moore,j-mon-moore
2558119,Josh Jones,josh-jones
2533436,Brock Osweiler,brock-osweiler
2560967,Kalen Ballage,kalen-ballage
2556377,Jonathan Woodard,jonathan-woodard
2543506,Travis Swanson,travis-swanson
2552316,Martrell Spaight,martrell-spaight
2556825,Zach Sterup,zach-sterup
2539289,Kenjon Barner,kenjon-barner
81294,Brian Hoyer,brian-hoyer
2539280,John Simon,john-simon
2540216,Brian Schwenke,brian-schwenke
2557995,Marcus Maye,marcus-maye
2541864,Josh Martin,josh-martin
2561029,Keke Coutee,keke-coutee
2557977,Jeremy McNichols,jeremy-mcnichols
2558832,Mo Alie-Cox,mo-alie-cox
2559230,Carroll Phillips,carroll-phillips
2552467,Mark Glowinski,mark-glowinski
2533039,Alshon Jeffery,alshon-jeffery
2555279,Jack Conklin,jack-conklin
494277,Kendrick Lewis,kendrick-lewis
2540279,Nick Williams,nick-williams
2552033,Jameis Winston,jameis-winston
2560770,Ronald Jones,ronald-jones
2560051,Justin Watson,justin-watson
2560909,Vita Vea,vita-vea
2556456,Andrew Adams,andrew-adams
2560939,Javon Wims,javon-wims
81284,Chase Daniel,chase-daniel
2555381,DeAndre Houston-Carson,deandre-houston-carson
2495136,Bruce Carter,bruce-carter
2556880,Branden Jackson,branden-jackson
2558997,Jordan Simmons,jordan-simmons
2535869,Rod Streater,rod-streater
2561342,D'Juan Hines,d-juan-hines
2561238,Matthew McCrane,matthew-mccrane
2561193,Emmanuel Ellerbee,emmanuel-ellerbee
2560756,Justin Jackson,justin-jackson
2556118,Dwayne Washington,dwayne-washington
81306,Brandon Tate,brandon-tate
2561317,Jawill Davis,jawill-davis
2556573,Mike Jordan,mike-jordan-2
2560815,Kam Moore,kam-moore
2561417,Charvarius Ward,charvarius-ward
2553840,Brian Parker,brian-parker
2558988,Lenzy Pipkins,lenzy-pipkins
2533460,Robert Turbin,robert-turbin
238498,Julian Edelman,julian-edelman
2550437,Josh Mauro,josh-mauro
2561624,Garrett Dickerson,garrett-dickerson
2540152,Eric Reid,eric-reid
2558066,Curtis Samuel,curtis-samuel
2560875,Andre Smith,andre-smith-3
2560944,Colby Wadman,colby-wadman
2559295,Elijah Wilkinson,elijah-wilkinson
2552326,Darius Kilgo,darius-kilgo
2553562,Dean Marlowe,dean-marlowe
2550462,Jeremiah Sirles,jeremiah-sirles
2560982,Tony Brown,tony-brown
2561227,Tyler Lancaster,tyler-lancaster
2556587,Cre'von LeBlanc,cre-von-leblanc
2552374,Ameer Abdullah,ameer-abdullah
2560747,Hayden Hurst,hayden-hurst
2555414,Willie Henry,willie-henry
2508107,Jimmy Smith,jimmy-michael-smith
2556613,Jeremiah McKinnon,jeremiah-mckinnon
2552733,Michael Bennett,michael-bennett-2
2556443,Sharrod Neasman,sharrod-neasman
2558167,Joshua Dobbs,joshua-dobbs
2558237,Brian Allen,brian-allen
2559051,Cameron Malveaux,cameron-malveaux
2552403,Nick O'Leary,nick-o-leary
2543763,Wesley Johnson,wesley-johnson
2533058,Vontaze Burfict,vontaze-burfict
2553733,Thomas Rawls,thomas-rawls
2560808,Quenton Meeks,quenton-meeks
2550267,Josh Walker,josh-walker
2555394,Daryl Worley,daryl-worley
2556628,Justin Murray,justin-murray
2495483,Corey Liuget,corey-liuget
2505889,Donnie Jones,donnie-jones
2558278,Ifeadi Odenigbo,ifeadi-odenigbo
2558912,Victor Bolden,victor-bolden
2553706,Ryan Delaire,ryan-delaire
2532789,Mark Barron,mark-barron
2550636,Cairo Santos,cairo-santos
2550145,Maurice Alexander,maurice-alexander-2
2560744,Jalyn Holmes,jalyn-holmes
2555168,Kentrell Brothers,kentrell-brothers
2558111,Treyvon Hester,treyvon-hester
2560889,Josh Sweat,josh-sweat
2541388,Brice Butler,brice-butler
2540291,Kayvon Webster,kayvon-webster
2553898,Tyrell Adams,tyrell-adams
2532841,Michael Floyd,michael-floyd
2495466,Mark Ingram,mark-ingram
2543465,Teddy Bridgewater,teddy-bridgewater
2559385,Dan Arnold,dan-arnold
2539194,Chance Warmack,chance-warmack
2533534,Olivier Vernon,olivier-vernon
2561391,Jamiyus Pittman,jamiyus-pittman
2506352,Thomas Davis,thomas-davis
2558138,Samaje Perine,samaje-perine
2553554,Matt Lengel,matt-lengel
2559263,Tyrone Swoopes,tyrone-swoopes
238227,Mike Mitchell,mike-mitchell
2495137,Anthony Castonzo,anthony-castonzo
2555181,Evan Boehm,evan-boehm
2555546,Rashard Robinson,rashard-robinson
2558853,Michael Tyson,michael-tyson
2556833,De'Vante Harris,de-vante-harris
2560965,Mike Badgley,mike-badgley
2557890,Forrest Lamp,forrest-lamp
2561461,Dontrell Hilliard,dontrell-hilliard
2557869,Chad Kelly,chad-kelly
925,Jamaal Charles,jamaal-charles
2522602,Matt Overton,matt-overton
2553805,David Irving,david-irving
2556395,Adam Redmond,adam-redmond
2559242,Cooper Rush,cooper-rush
2550767,C.J. Goodwin,c-j-goodwin
2555154,Darian Thompson,darian-thompson
2561324,Gus Edwards,gus-edwards
2561521,Cameron Batson,cameron-batson
2561596,Robert Spillane,robert-spillane
2552259,Josh Shaw,josh-shaw
2507948,Frank Zombo,frank-zombo
2553452,Austin Reiter,austin-reiter
2561133,Darren Andrews,darren-andrews
2561060,Ross Dwelley,ross-dwelley
2557894,DeMarcus Walker,demarcus-walker
2561410,Aaron Stinnie,aaron-stinnie
2558936,Cole Croston,cole-croston
2556378,Trevor Bates,trevor-bates
2543608,Dexter McDougle,dexter-mcdougle
2506546,Derek Anderson,derek-anderson
2560838,Cam Phillips,cam-phillips
2543739,Dontae Johnson,dontae-johnson
2530700,Dontrelle Inman,dontrelle-inman
2560985,Deontay Burnett,deontay-burnett
2543874,Andre Hal,andre-hal
2561344,Gregory Howell,gregory-howell
2558145,David Sharpe,david-sharpe
2556543,David Grinnage,david-grinnage
2555387,Cody Kessler,cody-kessler
2561152,David Williams,david-williams
2552425,Rashad Greene,rashad-greene
2552478,Blake Bell,blake-bell
2552597,Breshad Perriman,breshad-perriman
2559042,Xavier Woodson-Luster,xavier-woodson-luster
2555307,Devante Bond,devante-bond
2552674,Rakeem Nunez-Roches,rakeem-nunez-roches
2533542,Josh Robinson,josh-robinson
2552245,Hroniss Grasu,hroniss-grasu
2552576,Sean Mannion,sean-mannion
2561644,Adonis Alexander,adonis-alexander
2558007,Caleb Brantley,caleb-brantley
2555262,Jeff Driskel,jeff-driskel
2555547,KeiVarae Russell,keivarae-russell
2552355,Cedric Ogbuehi,cedric-ogbuehi
2532787,Jeff Allen,jeff-allen
2550198,Bennie Fowler,bennie-fowler
2561001,Grant Haley,grant-haley
2558097,Ukeme Eligwe,ukeme-eligwe
2535686,Giorgio Tavecchio,giorgio-tavecchio
2555215,Leonte Carroo,leonte-carroo
2532970,Brandon Weeden,brandon-weeden
2553719,Josh Keyes,josh-keyes
2557877,Carlos Watkins,carlos-watkins
2560887,Chandon Sullivan,chandon-sullivan
2561041,Dee Delaney,dee-delaney
2561042,Nick DeLuca,nick-deluca
2495252,K.J. Wright,k-j-wright
497224,Ed Dickson,ed-dickson
2561261,Brandon Powell,brandon-powell
2561032,Tyrell Crosby,tyrell-crosby
2550606,Bryan Witzmann,bryan-witzmann
2560724,Kylie Fitts,kylie-fitts
2558257,Jermaine Eluemunor,jermaine-eluemunor
2553656,Taylor Heinicke,taylor-heinicke
2558129,Isaiah McKenzie,isaiah-mckenzie
2561293,Deon Yelder,deon-yelder
2561012,Quadree Henderson,quadree-henderson
2552268,Brian Mihalik,brian-mihalik
2558923,Riley Bullough,riley-bullough
2540159,Kevin Minter,kevin-minter
2561330,Jordan Franks,jordan-franks
2555464,DeAndre Washington,deandre-washington
2560819,Nick Nelson,nick-nelson
2560986,Jason Cabinda,jason-cabinda
2556857,Denver Kirkland,denver-kirkland
2552338,Ian Silberman,ian-silberman
2558199,Tanzel Smart,tanzel-smart
2532928,Eddie Pleasant,eddie-pleasant
2559223,Storm Norton,linval-joseph
2543497,AJ McCarron,aj-mccarron
2558979,Nick Mullens,nick-mullens
2561006,Marcell Harris,marcell-harris
496961,Dekoda Watson,dekoda-watson
2561072,Emmanuel Moseley,emmanuel-moseley
2556569,Andy Jones,andy-jones
2553669,Michael Liedtke,michael-liedtke
496980,Zane Beadles,zane-beadles
2561019,Geron Christian,geron-christian
2557934,Elijah McGuire,elijah-mcguire
2540287,Rontez Miles,rontez-miles
2552317,Mike Hull,mike-hull
2556479,Jake Brendel,jake-brendel
2558975,Taquan Mizzell,taquan-mizzell
2542246,Colton Schmidt,colton-schmidt
2560892,Wyatt Teller,wyatt-teller
2552313,Hayes Pullard,hayes-pullard
2558303,Jeff Richards,jeff-richards
2561671,Malik Turner,malik-turner
2555345,Su'a Cravens,su-a-cravens
2559485,River Cracraft,river-cracraft
2561704,A.J. Johnson,a-j-johnson
2543571,Bashaud Breeland,bashaud-breeland
2550562,James Ferentz,james-ferentz
2558100,Treston Decoud,treston-decoud
2557839,Dawuane Smoot,dawuane-smoot
2560791,Tyquan Lewis,tyquan-lewis
2539272,Jonathan Cooper,jonathan-cooper
2539285,Stacy McGee,stacy-mcgee
2556614,Cassanova McKinzy,cassanova-mckinzy
2507871,Austin Howard,austin-howard
2550150,Luke Bowanko,luke-bowanko
2561209,Demone Harris,demone-harris
2539331,Oday Aboushi,oday-aboushi
71435,John Phillips,john-phillips
2550257,Daniel Sorensen,daniel-sorensen
2561487,James Murray,james-murray
2561224,Keith Kirkwood,keith-kirkwood
2560890,Auden Tate,auden-tate
2553631,Zach Zenner,zach-zenner
2495229,Kelvin Sheppard,kelvin-sheppard
2539308,Matt Barkley,matt-barkley
2560914,Levi Wallace,levi-wallace
2505076,Josh McCown,josh-mccown
2557998,Isaac Asiata,isaac-asiata
2543666,Xavier Su'a-Filo,xavier-su-a-filo
2558091,Noah Brown,noah-brown
2559394,Lance Lenoir,lance-lenoir
2553911,T.Y. McGill,t-y-mcgill
2555333,Corey Coleman,corey-coleman
2557987,Matthew Dayes,matthew-dayes
2555413,Trevor Davis,trevor-davis
2555545,Will Redmond,will-redmond
2552396,Ben Koyack,ben-koyack
2560749,Godwin Igwebuike,godwin-igwebuike
2559362,Dare Ogunbowale,dare-ogunbowale
497123,Colt McCoy,colt-mccoy
2556841,Byron Marshall,byron-marshall
2553461,Christian Ringo,christian-ringo
2558910,Brandon Bell,brandon-bell
2533033,Robert Griffin III,robert-griffin-iii
2561527,Mike Ford,mike-ford
2534764,Gino Gradkowski,gino-gradkowski
2560771,Sam Jones,sam-jones
2555249,Joey Bosa,joey-bosa
2559197,Tre'von Johnson,tre-von-johnson
2560961,Marcell Ateman,marcell-ateman
2561300,Saeed Blacknall,saeed-blacknall
2561058,Korey Cunningham,korey-cunningham
2532878,Leonard Johnson,leonard-johnson
2556515,Vontarrius Dora,vontarrius-dora
2553790,DeVante Bausby,devante-bausby
2561482,Chad Beebe,chad-beebe
2558144,Adam Shaheen,adam-shaheen
2560935,Darrel Williams,darrel-williams
2507793,Don Carey,don-carey
2556805,Johnny Holton,johnny-holton
2559132,Eli Ankou,eli-ankou
2561107,Corey Thompson,corey-thompson
2560806,RJ McIntosh,rj-mcintosh
2543461,Timmy Jernigan,timmy-jernigan
2550313,Richard Rodgers,richard-rodgers
2561138,Niles Scott,niles-scott
2558189,Obi Melifonwu,obi-melifonwu
32462018,Folorunso Fatukasi,folorunso-fatukasi
2543805,Dakota Dozier,dakota-dozier
2561078,Jullian Taylor,jullian-taylor
2560938,Jeff Wilson,jeff-wilson
2560991,Alex Cappa,alex-cappa
2540170,David Amerson,david-amerson
2561529,Zack Golditch,zack-golditch
2560767,Chris Jones,chris-edward-jones
2558186,Brendan Langley,brendan-langley
2543482,Cyrus Kouandjio,cyrus-kouandjio
2550277,Josh Andrews,josh-andrews
2561395,C.J. Reavis,c-j-reavis
2558084,Will Holden,will-holden
2560996,Colby Gossett,colby-gossett
2553548,Jake Kumerow,jake-kumerow
2555218,Danny Vitale,danny-vitale
2558892,Kyle Kalis,kyle-kalis
2553642,Matt Darr,matt-darr
2561303,Ike Boettger,ike-boettger
2558071,Isaiah Ford,isaiah-ford
2555486,Temarrick Hemingway,temarrick-hemingway
2559013,Bobo Wilson,bobo-wilson
2558992,David Rivers,david-rivers
2552427,Tony Lippett,tony-lippett
2559066,Gehrig Dieter,gehrig-dieter
2560776,Joshua Kalu,joshua-kalu
2559225,James Onwualu,james-onwualu
2556440,J.D. McKissic,j-d-mckissic
2561486,Craig James,craig-james
2560950,Ola Adeniyi,ola-adeniyi
2560956,Marcus Allen,marcus-allen-2
79858,Mark Sanchez,mark-sanchez
2559921,Daurice Fountain,daurice-fountain
2558114,Roderick Johnson,roderick-johnson
2553531,Justin Hamilton,justin-hamilton-2
2561381,Ryan Neal,ryan-neal
2506223,Jon Condo,jon-condo
2561230,Alex Light,alex-light
2558984,Adam Pankey,adam-pankey
2561010,Taylor Hearn,taylor-hearn
2560786,Kyle Lauletta,kyle-lauletta
264,Josh Johnson,josh-johnson
2543725,Marcus Smith,marcus-smith
2561316,Jalen Davis,jalen-davis
2561005,Davontae Harris,davontae-harris
2558284,Pita Taumoepenu,pita-taumoepenu
2558180,Colin Holba,colin-holba
2561279,Jalen Tolliver,jalen-tolliver
2553633,Thurston Armbrister,thurston-armbrister
2559325,Trey Edmunds,trey-edmunds
2543484,Kony Ealy,kony-ealy
2552408,Darren Waller,darren-waller
2540138,Damontre Moore,damontre-moore
2552666,Chaz Green,chaz-green
2560777,John Kelly,john-kelly
2561618,Kyle Wilson,kyle-wilson
496723,Eric Berry,eric-berry
2550268,Charcandrick West,charcandrick-west
2555244,Bronson Kaufusi,bronson-kaufusi
2560743,Jeff Holland,jeff-holland
2561370,Trey Marshall,trey-marshall
2561329,Matt Flanagan,matt-flanagan
2558858,Joshua Holsey,joshua-holsey
2550361,Zac Kerin,zac-kerin
2553798,Andrew East,andrew-east
2495150,Kai Forbath,kai-forbath
2561355,Lyndon Johnson,lyndon-johnson
2559037,Ahmad Thomas,ahmad-thomas
2551359,Jerome Cunningham,jerome-cunningham
2552352,Andrew Donnal,andrew-donnal
2559880,Keith Ford,keith-ford
2561536,Mike Love,mike-love
2561403,Da'Mari Scott,da-mari-scott
2560793,James Looney,james-looney
2539275,Mike Glennon,mike-glennon
2555517,Vincent Valentine,vincent-valentine
2555142,Rees Odhiambo,rees-odhiambo
2553737,Eli Rogers,eli-rogers
2559141,B.J. Bello,b-j-bello
2557842,Daeshon Hall,daeshon-hall
2561023,Will Clapp,will-clapp
2558866,Kyle Fuller,kyle-fuller-2
2560833,Timon Parris,timon-parris
2561359,Darvin Kidsy,darvin-kidsy
2561394,Jeremy Reaves,jeremy-reaves
2555174,Harlan Miller,harlan-miller
2559183,Nigel Harris,nigel-harris
2535837,Austin Pasztor,austin-pasztor
2556574,Ufomba Kamalu,ufomba-kamalu
2560716,Donnie Ernsberger,donnie-ernsberger
2561026,Lavon Coleman,lavon-coleman
2561478,Anthony Wint,anthony-wint
2559062,Ben Braden,ben-braden
2557850,De'Angelo Henderson Sr.,de-angelo-henderson-sr
2560943,Chris Worley,chris-worley
2559015,Breon Borders,breon-borders
2560962,John Atkins,john-atkins
2557994,D'Onta Foreman,d-onta-foreman
2555427,Nate Sudfeld,nate-sudfeld
2561146,Boston Scott,boston-scott
2561177,Kyle Allen,kyle-allen
2561384,Elijah Nkansah,elijah-nkansah
2552282,Gabe Wright,gabe-wright
2561331,Rico Gafford,rico-gafford
2552397,Clive Walford,clive-walford
2558819,Derrick Jones,derrick-jones
2558249,Jeremy Clark,jeremy-clark
2560812,Steven Mitchell,steven-mitchell
2549982,Garrett Gilbert,garrett-gilbert
2535890,Travaris Cadet,travaris-cadet
2556530,Mose Frazier,mose-frazier
2550221,Cornelius Lucas,cornelius-lucas
2495320,Derek Newton,derek-newton
2556672,Alonzo Russell,alonzo-russell
2560783,Chris Lacy,chris-lacy
2560787,Allen Lazard,allen-lazard
2552379,Jeremy Langford,jeremy-langford
2558124,Jeremiah Ledbetter,jeremiah-ledbetter
2556814,Max McCaffrey,max-mccaffrey
2559952,Steven Dunbar,steven-dunbar
2550647,Kasim Edebali,kasim-edebali
2552587,Alex Carter,alex-carter
2559264,Pasoni Tasini,pasoni-tasini
2558095,Malachi Dupre,malachi-dupre
2561585,Dallin Leavitt,dallin-leavitt
252,Chad Henne,chad-henne
2555341,Hunter Henry,hunter-henry
2556450,Nick Rose,nick-rose
2557033,Garrett Griffin,garrett-griffin
2562724,Darnell Savage,darnell-savage
2560868,J.K. Scott,j-k-scott
2562376,Rashan Gary,rashan-gary
2562748,Ty Summers,ty-summers
2562671,Elgton Jenkins,elgton-jenkins
2562502,David Montgomery,david-montgomery
2550169,Charles Leno Jr.,charles-leno-jr
2560842,Eddy Pineiro,eddy-pineiro
2562957,Duke Shelley,duke-shelley
2562734,Devin Singletary,devin-singletary
2562322,Ed Oliver,ed-oliver
2562266,Cody Ford,cody-ford
2562750,Tommy Sweeney,tommy-sweeney
2562681,Dawson Knox,dawson-knox
2562672,Darryl Johnson,darryl-johnson
2540175,Le'Veon Bell,le-veon-bell
2558963,Harvey Langi,harvey-langi
2562496,Blake Cashman,blake-cashman
2560975,Braxton Berrios,braxton-berrios
2561415,Kaare Vedvik,kaare-vedvik
2562777,Trevon Wesco,trevon-wesco
2562599,Quinnen Williams,quinnen-williams
2561000,Derrius Guice,derrius-guice
2562489,Terry McLaurin,terry-mclaurin
2562872,Cole Holcomb,cole-holcomb
2562858,Jimmy Moreland,jimmy-moreland
2560834,Daron Payne,daron-payne
2562749,Montez Sweat,montez-sweat
2562577,Kelvin Harmon,kelvin-harmon
2563033,Steven Sims,steven-sims
2556852,J.P. Holtz,j-p-holtz
2562722,Miles Sanders,miles-sanders
2558262,Mack Hollins,mack-hollins
2562466,J.J. Arcega-Whiteside,j-j-arcega-whiteside
2562643,Andre Dillard,andre-dillard
2539223,Johnathan Cyprien,johnathan-cyprien
2562648,T.J. Edwards,t-j-edwards
2552339,Jamil Douglas,jamil-douglas
2562238,A.J. Brown,a-j-brown
2563245,Isaiah Mack,isaiah-mack
2539301,David Quessenberry,david-quessenberry
2562666,Amani Hooker,amani-hooker
2562785,Greedy Williams,greedy-williams
2563327,D'Ernest Johnson,d-ernest-johnson
2562729,Austin Seibert,austin-seibert
2562917,Jamie Gillan,jamie-gillan
2561458,Daniel Ekuale,daniel-ekuale
2559018,Pharaoh Brown,pharaoh-brown
2562605,Mack Wilson,mack-wilson
2562711,Sheldrick Redwine,sheldrick-redwine
2562761,Juan Thornhill,juan-thornhill
2507282,Matt Moore,matt-moore
2562832,Darwin Thompson,darwin-thompson
2562580,Mecole Hardman,mecole-hardman
2558080,Joey Ivie,joey-ivie
2560844,Byron Pringle,byron-pringle
2562649,Rashad Fenton,rashad-fenton
2562619,Josh Allen,josh-allen
2562954,Quincy Williams,quincy-williams
2562756,Jawaan Taylor,jawaan-taylor
2560853,Will Richardson,will-richardson
2562796,Gardner Minshew,gardner-minshew
2562622,Ryquell Armstead,ryquell-armstead
2562717,Dontavius Russell,dontavius-russell
2562606,Andrew Wingard,andrew-wingard
2543475,Marqise Lee,marqise-lee
2563097,Matthew Orzech,matthew-orzech
2561079,Sebastian Joseph-Day ,sebastian-joseph-day
2562574,Darrell Henderson,darrell-henderson
2556529,Morgan Fox,morgan-fox
2562707,Taylor Rapp,taylor-rapp
2561154,Travin Howard,travin-howard
2562905,Nick Scott,nick-scott
2562325,Natrez Patrick,natrez-patrick
2563313,Troy Reeder,troy-reeder
2561043,Jamil Demby,jamil-demby
2562260,David Edwards,david-edwards
2560813,D.J. Moore,d-j-moore
2562242,Brian Burns,brian-burns
2538145,Greg Van Roten,greg-van-roten
2543799,Ross Cockrell,ross-cockrell
2563132,Joey Slye,joey-slye
2562251,Dennis Daley,dennis-daley
2562313,Christian Miller,christian-miller
2561184,Reggie Bonnafon,reggie-bonnafon
2562725,Jordan Scarlett,jordan-scarlett
2562379,Marquise Brown,marquise-brown
2562631,Miles Boykin,miles-boykin
2562407,Justice Hill,justice-hill
2563100,Patrick Mekari,patrick-mekari
2560715,DeShon Elliott,deshon-elliott
2562805,Preston Williams,preston-williams
2562038,Sam Eguavoen,sam-eguavoen
2562302,Jonathan Ledbetter,jonathan-ledbetter
2562782,Christian Wilkins,christian-wilkins
2562255,Michael Deiter,michael-deiter
2562959,Chandler Cox,chandler-cox
2561226,Chris Lammons,chris-lammons
2558031,Avery Moss,avery-moss
2559283,Jomal Wiltz,jomal-wiltz
2561256,Steven Parker,steven-parker
2558302,Taybor Pepper,taybor-pepper
2562303,Chris Lindstrom,chris-lindstrom
2562311,Kaleb McGary,kaleb-mcgary
2561622,Jaeden Graham,jaeden-graham
2562730,Kendall Sheffield,kendall-sheffield
2562249,John Cominsky,john-cominsky
2562632,Garrett Bradbury,garrett-bradbury
2562682,Alexander Mattison,alexander-mattison
2562630,Kris Boyd,kris-boyd
2562738,Irv Smith,irv-smith
2562465,Bisi Johnson,bisi-johnson
2562984,Brandon Dillon,brandon-dillon
2560799,Hercules Mata'afa,hercules-mata-afa
2562442,Mark Fields,mark-fields
2562946,Marcus Epps,marcus-epps
2562925,Austin Cutting,austin-cutting
2562614,Rock Ya-Sin,rock-ya-sin
2562495,Parris Campbell,parris-campbell
2560987,Deon Cain,deon-cain
2562229,Ben Banogu,ben-banogu
2562416,Bobby Okereke,bobby-okereke
2562602,Khari Willis,khari-willis
2561544,Trent Scott,trent-scott
2562763,Jerry Tillery,jerry-tillery
2553555,Ty Long,ty-long
2543707,Jaylen Watkins,jaylen-watkins
2562617,Nasir Adderley,nasir-adderley
2562765,Drue Tranquill,drue-tranquill
2557531,Troymaine Pope,troymaine-pope
2562578,Emeke Egbule,emeke-egbule
2562893,Cole Mazza,cole-mazza
2562697,Trey Pipkins,trey-pipkins
2562978,Chris Peace,chris-peace
2563238,Damion Willis,damion-willis
2562679,Michael Jordan,michael-jordan
2562702,Germaine Pratt,germaine-pratt
2562720,Drew Sample,drew-sample
2562612,Renell Wren,renell-wren
2558929,Cethan Carter,cethan-carter
2562685,D.K. Metcalf,d-k-metcalf
2562464,Ugo Amadi,ugo-amadi
2562490,Ben Burr-Kirven,ben-burr-kirven
2562914,Bryan Mone,bryan-mone
2562472,Cody Barton,cody-barton
2558077,Lano Hill,lano-hill
2562233,Marquise Blair,marquise-blair
2562665,Travis Homer,travis-homer
2560768,Jamarco Jones,jamarco-jones
2562301,Dexter Lawrence,dexter-lawrence
2562299,Daniel Jones,daniel-jones
2562227,Deandre Baker,deandre-baker
2562638,Ryan Connelly,ryan-connelly
2560806,R.J. McIntosh,r-j-mcintosh
2562613,Oshane Ximines,oshane-ximines
2562228,Corey Ballentine,corey-ballentine
2560736,Nick Gates,nick-gates
2562414,Julian Love,julian-love
2505629,Jason Witten,jason-witten
2560908,Leighton Vander Esch,leighton-vander-esch
2540161,Travis Frederick,travis-frederick
2562699,Tony Pollard,tony-pollard
2562432,Joe Jackson,joe-jackson
2553434,Devin Smith,devin-smith
2561308,Jordan Chunn,jordan-chunn
2562721,Deebo Samuel,deebo-samuel
2562428,Dre Greenlaw,dre-greenlaw
2562629,Nick Bosa,nick-bosa
2562609,Mitch Wishnowsky,mitch-wishnowsky
2562927,Justin Skule,justin-skule
2562462,Azeez Al-Shaair,azeez-al-shaair
2555299,Vernon Hargreaves III ,vernon-hargreaves-iii
2562781,Devin White,devin-white
2540185,Mike Edwards,mike-edwards
2562271,Matt Gay,matt-gay
2562507,Anthony Nelson,anthony-nelson
2562635,Sean Murphy-Bunting,sean-murphy-bunting
2562556,Jamel Dean,jamel-dean
2558305,Zach Triner,zach-triner
2562378,T.J. Hockenson,t-j-hockenson
2562755,Jahlani Tavai,jahlani-tavai
2560913,Tracy Walker,tracy-walker
2539340,Rick Wagner,rick-wagner
2562932,Tyron Johnson,tyron-johnson
2560972,Nick Bawden,nick-bawden
2563197,Kevin Strong,kevin-strong
2562395,Will Harris,will-harris
2563193,C.J. Moore,c-j-moore
2562382,Kyler Murray,kyler-murray
2562677,KeeSean Johnson,keesean-johnson
2562219,Zach Allen,zach-allen
2562318,Byron Murphy,byron-murphy
71461,A.Q. Shipley,a-q-shipley
2562669,Andy Isabella,andy-isabella
2562686,Joshua Miles,joshua-miles
2561283,Zeke Turner,zeke-turner
2556528,D.J. Foster,d-j-foster
2562760,Deionte Thompson,deionte-thompson
2556764,Kevin Peterson,kevin-peterson
2563339,Jalen Thompson,jalen-thompson
2562243,Devin Bush,devin-bush
2560778,Kam Kelly,kam-kelly
2562674,Diontae Johnson,diontae-johnson
2562811,Ulysees Gilbert,ulysees-gilbert
2562743,Benny Snell,benny-snell
2560751,Ryan Izzo,ryan-izzo
2560945,Isaiah Wynn,isaiah-wynn
2562492,Jakobi Meyers,jakobi-meyers
2562607,Chase Winovich,chase-winovich
2563329,Gunner Olszewski,gunner-olszewski
2562226,Jake Bailey,jake-bailey
2562906,Cullen Gillaspia,cullen-gillaspia
2562295,Lonnie Johnson,lonnie-johnson
2555311,Jerell Adams,jerell-adams
2562726,Max Scharping,max-scharping
2563242,Shy Tuttle,shy-tuttle
2562683,Erik McCoy,erik-mccoy
2563155,Deonte Harris,deonte-harris
2562588,Chauncey Gardner-Johnson,chauncey-gardner-johnson
2562901,Kaden Elliss,kaden-elliss
2553520,Nick Easton,nick-easton
2562383,Noah Fant,noah-fant
2562714,Dalton Risner,dalton-risner
2560734,Troy Fumagalli,troy-fumagalli
2562825,Malik Reed,malik-reed
2562626,Andrew Beck,andrew-beck
2541634,Mike Purcell,mike-purcell
2562285,Justin Hollins,justin-hollins
2561040,Duke Dawson,duke-dawson
2550734,Diontae Spencer,diontae-spencer
2561439,Austin Schlottmann,austin-schlottmann
2562377,Josh Jacobs,josh-jacobs
2562616,Johnathan Abram,johnathan-abram
2562263,Clelin Ferrell,clelin-ferrell
2562288,Alec Ingold,alec-ingold
2562317,Foster Moreau,foster-moreau
2562712,Hunter Renfrow,hunter-renfrow
2562439,Maxx Crosby,maxx-crosby
2562380,Trayvon Mullen,trayvon-mullen
2562247,A.J. Cole,a-j-cole
2562938,Keisean Nixon,keisean-nixon
2562670,Andre James,andre-james
2563127,Jordan Kunaszyk,jordan-kunaszyk
2562960,John Ursua,john-ursua
2562248,L.J. Collier,l-j-collier
2560860,Mason Rudolph,mason-rudolph
2557908,Zach Banner,zach-banner
2562990,Nathan Meadors,nathan-meadors
2562955,E.J. Speed,e-j-speed
2562769,D'Andre Walker,d-andre-walker
2562799,David Long,david-long
2560936,Ced Wilson,ced-wilson
2561144,Simeon Thomas,simeon-thomas
2558254,Robert Davis,robert-davis
497018,John Jerry,john-jerry
2563257,Tuzar Skipper,tuzar-skipper
2562286,Tytus Howard,tytus-howard
2562324,Charles Omenihu,charles-omenihu
2562515,Xavier Crawford,xavier-crawford
2563016,Miles Brown,miles-brown
2543699,"Noy, Kyle Van Noy","noy,-kyle-van-noy"
2562392,Byron Cowart,byron-cowart
2562776,Ken Webster,ken-webster
2563296,Patrick Laird,patrick-laird
2559227,Andre Patton,andre-patton
2562293,Ty Johnson,ty-johnson
2562393,Keelan Doss,keelan-doss
2562391,Greg Gaines,greg-gaines
2562412,Dre'Mont Jones,dre-mont-jones
2553236,Jake Rodgers,jake-rodgers
2562753,Sione Takitaki,sione-takitaki
2553457,Trevor Siemian,trevor-siemian
2560720,Luke Falk,luke-falk
2560722,Foley Fatukasi,foley-fatukasi
2562818,Kyle Phillips,kyle-phillips
2552449,Tye Smith,tye-smith
2562746,Jarrett Stidham,jarrett-stidham
2562890,Jakob Johnson,jakob-johnson
2562787,Joejuan Williams,joejuan-williams
2562281,Damien Harris,damien-harris
2556758,Rolan Milligan,rolan-milligan
2562650,Jaylon Ferguson,jaylon-ferguson
2561348,Ryan Hunter,ryan-hunter
2562956,Juwann Winfree,juwann-winfree
2562300,Kingsley Keke,kingsley-keke
2563128,Darrius Shepherd,darrius-shepherd
2559299,Evan Baylis,evan-baylis
2561336,Trent Harris,trent-harris
2562663,Trysten Hill,trysten-hill
2562604,Donovan Wilson,donovan-wilson
2559278,Greg Ward,greg-ward
2560596,Matt Pryor,matt-pryor
2560979,Andrew Brown,andrew-brown
2562887,Keaton Sutherland,keaton-sutherland
2506420,Richie Incognito,richie-incognito
2562736,Darius Slayton,darius-slayton
2562865,Scott Miller,scott-miller
2562304,Greg Little,greg-little
2562981,Roderic Teamer,roderic-teamer
2562654,Zach Gentry,zach-gentry
2550196,Jay Elliott,jay-elliott
2562479,Justin Layne,justin-layne
2559108,Daniel Brunskill,daniel-brunskill
2543493,Jason Verrett,jason-verrett
2562668,Lil'Jordan Humphrey,lil-jordan-humphrey
2560872,Coleman Shelton,coleman-shelton
2563123,Willie Harvey,willie-harvey
2561434,Robert Jackson,robert-jackson
2561088,Abdullah Anderson,abdullah-anderson
2559157,Rashaad Coward,rashaad-coward
2562390,Amani Oruwariye,amani-oruwariye
2562916,Wes Martin,wes-martin
2562660,Dwayne Haskins,dwayne-haskins
2562696,Ross Pierschbacher,ross-pierschbacher
2563062,Jon Hilliman,jon-hilliman
2563217,Justin Phillips,justin-phillips
2562646,Ashton Dulin,ashton-dulin
2562823,Cortez Broughton,cortez-broughton
2562705,Isaiah Prince,isaiah-prince
2562641,Nate Davis,nate-davis-2
2562308,Daylon Mack,daylon-mack
2556646,Kyle Peko,Kyle Peko
2562676,Jaquan Johnson,jaquan-johnson
2560941,Ryan Winslow,ryan-winslow
2559396,Fred Brown,fred-brown
2562945,Jonathan Harris,jonathan-harris
2561626,Josh Woods,josh-woods
2562273,Carl Granderson,carl-granderson
2562258,Chuma Edoga,chuma-edoga
2543751,David Fales,david-fales
2562497,Jordan Miller,jordan-miller
2559321,Jamal Carter,jamal-carter
2562618,Dakota Allen,dakota-allen
2562429,Michael Dogbe,michael-dogbe
2562504,Stanley Morgan,stanley-morgan
2563258,Devlin Hodges,devlin-hodges
2556836,Duke Williams,duke-williams
2563364,Ryan Bates,ryan-bates-2
2562719,Dru Samia,dru-samia
2562816,Josiah Tauaefa,josiah-tauaefa
2562409,Devine Ozigbo,devine-ozigbo
2563203,Chase McLaughlin,chase-mclaughlin
2556463,Stephen Anderson,stephen-anderson
2562940,Ka'Dar Hollman,ka-dar-hollman
2562680,Brandon Knight,brandon-knight
2563267,Ventell Bryant,ventell-bryant
2563129,Shakial Taylor,shakial-taylor
2562757,Marvell Tell,marvell-tell
2562723,Khalen Saunders,khalen-saunders
2562740,Kaden Smith,kaden-smith
2563138,Austin Walter,austin-walter
2563066,Hale Hentges,hale-hentges
2563220,Nik Needham,nik-needham
2562245,Shaq Calhoun,shaq-calhoun
2562737,Cameron Smith,cameron-smith
2562600,Trayveon Williams,trayveon-williams
2560867,Jaleel Scott,jaleel-scott
2562399,Nick Allegretti,nick-allegretti
2560829,Obo Okoronkwo,obo-okoronkwo
2550848,Kasey Redfern,kasey-redfern
2562808,Olamide Zaccheaus,olamide-zaccheaus
2555555,D.J. White,d-j-white
2562942,Luke Gifford,luke-gifford
2562860,Jason Moore,jason-moore
2555460,Paul Perkins,paul-perkins
2559372,Dan Skipper,dan-skipper
2562834,Craig Reynolds,craig-reynolds
2562693,Josh Oliver,josh-oliver
2558911,C.J. Board,c-j-board
2562784,Dexter Williams,dexter-williams
2561187,Tim Boyle,tim-boyle
2562798,David Long,david-long-2
2562579,Bobby Evans,bobby-evans
2563306,Jake Gervase,jake-gervase
2562733,Jeffery Simmons,jeffery-simmons
2562658,Saquan Hampton,saquan-hampton
2543834,Bennett Jackson,bennett-jackson
2553739,Alex Singleton,alex-singleton
2562985,Davion Davis,davion-davis
2562667,Albert Huggins,albert-huggins
2563200,Anthony Rush,anthony-rush
2562687,Shareef Miller,shareef-miller
2556595,Steve Longa,steve-longa
2552588,Brett Hundley,brett-hundley
2559286,Krishawn Hogan,krishawn-hogan
2562591,Joe Giles-Harris,joe-giles-harris
2561443,Christian Blake,christian-blake
2561203,Matt Gono,matt-gono
2561215,Tanner Hudson,tanner-hudson
2563268,Noah Dawkins,noah-dawkins
2556661,Kalif Raymond,kalif-raymond
2552657,DeAndrew White,deandrew-white
2562241,Isaiah Buggs,isaiah-buggs
2563297,Michael Walker,michael-walker
2562912,Brandon Watson,brandon-watson
2562999,Tae Hayes,tae-hayes
2563300,Tony Brooks-James,tony-brooks-james
2562645,Greg Dortch,greg-dortch
2553781,James Vaughters,james-vaughters
2559239,Jordan Roos,jordan-roos
2563044,Stephen Carlson,stephen-carlson
2563104,Josh Watson,josh-watson
2562744,Jace Sternberger,jace-sternberger
2507225,Nick Folk,nick-folk
2562675,Isaiah Johnson,isaiah-johnson-2
2561127,Quentin Poling,quentin-poling
2562651,Ryan Finley,ryan-finley
2559205,Younghoe Koo,younghoe-koo
2561282,Jacob Tuioti-Mariner,jacob-tuioti-mariner
2562797,Qadree Ollison,qadree-ollison
2560817,Ryan Nall,ryan-nall
2541535,Paul Worrilow,paul-worrilow
2561643,Sam Beal,sam-beal
2562918,Kahzin Daniels,kahzin-daniels
2558863,Pat O'Connor,pat-o-connor
2562468,Blessuan Austin,blessuan-austin
2559057,Eric Smith,eric-smith
2561506,Evan Brown,evan-brown
2556770,Pete Robertson,pete-robertson
2562270,Myles Gaskin,myles-gaskin
2560828,Chukwuma Okorafor,chukwuma-okorafor
2558968,Cole Luke,cole-luke
2562773,Armon Watts,armon-watts
2556572,Tevin Jones,tevin-jones
2563184,Kyron Brown,kyron-brown
2558932,Aviante Collins,aviante-collins
2560865,Bo Scarbrough,bo-scarbrough
2557911,Sean Harlow,sean-harlow
2506925,Domata Peko Sr.,domata-peko-sr
2562458,Fred Johnson,fred-johnson
2562659,N'Keal Harry,n-keal-harry
2563316,Nsimba Webster,nsimba-webster
2556512,Donte Deayon,donte-deayon
2563302,Chandler Brewer,chandler-brewer
2561255,Jonathan Owens,jonathan-owens
2563038,Ahmad Gooden,ahmad-gooden
2562768,Andrew Van Ginkel,andrew-van-ginkel
2562601,Gerald Willis,gerald-willis
2562276,Porter Gustin,porter-gustin
2556486,Brandin Bryant,brandin-bryant
2563045,J.T. Hassell,j-t-hassell
2562830,Kerrith Whyte,kerrith-whyte
2556700,Jason Vander Laan,jason-vander-laan
2561518,Austin Larkin,austin-larkin
2562240,Austin Bryant,austin-bryant
2562691,Isaac Nauta,isaac-nauta
2562434,Mike Jackson,mike-jackson
2563031,Ryan Bee,ryan-bee
2563270,Jesper Horsted,jesper-horsted
2563282,Charles Jones,charles-jones
2562869,Khari Blasingame,khari-blasingame
2562961,Iman Marshall,iman-marshall
2562713,Riley Ridley,riley-ridley
2562230,Alex Bars,alex-bars
2563043,David Blough,david-blough
2563001,Carson Meier,carson-meier
2562575,Montre Hartage,montre-hartage
2558955,Cody Hollister,cody-hollister
2563274,Kareem Orr,kareem-orr
2561269,Ryan Santoso,ryan-santoso
2554630,Ross Travis,ross-travis
2563345,Mazzi Wilkins,mazzi-wilkins
2552314,Jake Ryan,jake-ryan
2559310,Jeremiah Valoaga,jeremiah-valoaga
2559121,Chris Odom,chris-odom
2562862,Garrett McGhin,garrett-mcghin
2561231,Brad Lundblade,brad-lundblade
2562844,Jalen Guyton,jalen-guyton
2562305,Drew Lock,drew-lock
2557982,Eddie Vanderdoes,eddie-vanderdoes
2562989,Alexander Hollins,alexander-hollins
2561339,Trayvon Henderson,trayvon-henderson
2562863,Drew Forbes,drew-forbes
2541185,Ryan Griffin,ryan-griffin
2563108,Darius Harris,darius-harris
2562883,Alex Brown,alex-brown
2562234,Kendall Blanton,kendall-blanton
2562845,Jeff Smith,jeff-smith
2555203,Parker Ehinger,parker-ehinger
2562870,Derick Roberson,derick-roberson
2562953,Ishmael Hyman,ishmael-hyman
2555420,Jerald Hawkins,jerald-hawkins
2562831,Wes Hills,wes-hills
2561531,Frank Herron,frank-herron
2562653,Travis Fulgham,travis-fulgham
2563254,Deyon Sizer,deyon-sizer
2562843,Nate Brooks,nate-brooks
2561277,Linden Stephens,linden-stephens
2534870,Alex Tanney,alex-tanney
2562662,Nate Herbig,nate-herbig
2556411,Josh Ferguson,josh-ferguson
2560885,Kentavius Street,kentavius-street
2555537,T.J. Green,t-j-green
2561239,Codey McElroy,codey-mcelroy
2563283,Spencer Schnell,spencer-schnell
2558808,Cyril Grayson,cyril-grayson
2563326,Freedom Akinmoladun,freedom-akinmoladun
2559217,Calvin Munson,calvin-munson
2561492,Robert McCray,robert-mccray
2562404,Will Grier,will-grier
2561292,Jonathan Wynn,jonathan-wynn
2562628,Beau Benzschawel,beau-benzschawel
2561378,Patrick Morris,patrick-morris
2562572,Alijah Holder,alijah-holder
2562809,Lester Cotton,lester-cotton
2562766,Oli Udoh,oli-udoh
2561197,John Franklin,john-franklin
2562900,Trenton Irwin,trenton-irwin
2559431,Brady Sheldon,brady-sheldon
2563195,Anthony Pittman,anthony-pittman
2550230,Jamie Meder,jamie-meder
2560922,Jester Weah,jester-weah
2561386,Donovan Olumba,donovan-olumba
2559461,Rashard Davis,rashard-davis
2562403,Trace McSorley,trace-mcsorley
2562701,Ben Powers,ben-powers
2563034,Quinn Bailey,quinn-bailey
2562655,Kevin Givens,kevin-givens
2562661,Phil Haynes,phil-haynes
